dueling_double_reward,dueling_double_loss,dueling_double_max_q_value,dueling_double_avg_q_value,dueling_double_steps,dueling_double_clipped_reward,d3qn_per_reward,d3qn_per_loss,d3qn_per_max_q_value,d3qn_per_avg_q_value,d3qn_per_steps,d3qn_per_clipped_reward
-1.0,0.0762233703171659,-inf,0.0,31,-1,-21.0,1.843397907097824,0.007830774411559105,-0.09556445168952146,821,-1
-21.0,2.058012594439788,0.0587260946631431,0.028647576769193,789,-1,-20.0,2.1434666863642633,0.0022827256470918655,-0.12120450437068939,867,-1
-21.0,2.6812433150189463,0.0263543426990509,-0.0018867816660141,911,-1,-21.0,3.4248190227663144,-0.11394807696342468,-0.20405366068536587,931,-1
-17.0,3.36827865937812,0.0295438300818204,-0.0091237273154547,1214,-1,-21.0,2.4821853284956887,-0.17275257408618927,-0.25183238958319026,761,-1
-21.0,2.356556309219741,0.0137832593172788,-0.02189090787707,780,-1,-21.0,0.7581308305088896,-0.1702776998281479,-0.35489958884387174,899,-1
-21.0,2.262972469907254,-0.0104497848078608,-0.0304340657778084,780,-1,-21.0,0.40408712954376824,-0.15865351259708405,-0.34538508951663965,761,-1
-19.0,2.705284839539672,-0.0144917936995625,-0.0413736716172722,977,-1,-19.0,0.38241384435241343,-0.15192222595214844,-0.3354479262851319,1016,-1
-19.0,3.423969759409374,-0.0281336959451437,-0.0624479610692052,1223,-1,-21.0,0.23083711304934695,-0.10215152055025101,-0.34648551543553674,823,-1
-21.0,1.552566020647646,-0.0160272251814603,-0.0764924026249597,897,-1,-18.0,0.3476247795915697,-0.05626777932047844,-0.3507125467938536,1235,-1
-20.0,0.8441140020731837,-0.0210716128349304,-0.1037760068692507,839,-1,-19.0,0.3191121106647188,-0.0832429975271225,-0.33483068446846725,1056,-1
-20.0,0.7520507005683612,-0.0263908449560403,-0.0869526783454007,1035,-1,-21.0,0.20087013360171113,-0.02914530783891678,-0.3267639900247256,789,-1
-20.0,0.9017385904007824,-0.0128720626235008,-0.1068034773859066,1066,-1,-19.0,0.28214515060244594,0.012252110056579113,-0.37292378123119935,1054,-1
-20.0,0.7611943214433268,-0.0196940004825592,-0.1900302208158918,924,-1,-20.0,0.24628136557294056,-0.0559392124414444,-0.3868440391108543,918,-1
-19.0,0.9365917149116284,-0.0170999653637409,-0.1914127768348839,1071,-1,-18.0,0.2777166293526534,0.03199100121855736,-0.3717538496072757,995,-1
-21.0,1.0329973945918027,-0.001616776920855,-0.1867941316107617,1080,-1,-21.0,0.26131476943555754,-0.009279431775212288,-0.36004358522667756,861,-1
-19.0,0.9444341115304268,0.0114005655050277,-0.2182225097210949,1024,-1,-19.0,0.29237157209718134,0.01449035294353962,-0.38127770423328966,996,-1
-21.0,0.7262575697386637,0.0210735388100147,-0.2336296513128805,837,-1,-20.0,0.24337836322956719,0.19330130517482758,-0.31737856754288246,931,-1
-20.0,0.8736210252973251,-0.0063320212066173,-0.2324077818731341,1048,-1,-19.0,0.2652068681200035,0.17975760996341705,-0.30701416784930724,973,-1
-18.0,1.057998866890557,0.0046344124712049,-0.2644564953942808,1294,-1,-19.0,0.3921254726010375,0.14515793323516846,-0.2923626825510413,1116,-1
-18.0,1.1800482333055695,0.0202034041285514,-0.292997916814623,1264,-1,-20.0,0.3922606599080609,0.2497568428516388,-0.2922996723931398,1143,-1
-21.0,0.7236521395388991,0.0093187866732478,-0.3154264423639203,840,-1,-18.0,0.4694696025690064,0.5666266679763794,-0.25279141637800034,1308,-1
-20.0,0.8247927245101891,0.0088380454108119,-0.3444793171495856,886,-1,-21.0,0.2792978225770639,0.4311240017414093,-0.3688003974656111,808,-1
-21.0,0.6819727780530229,0.0135128106921911,-0.3903385587592592,761,-1,-21.0,0.3169248470803723,0.2744545042514801,-0.33067417957458145,823,-1
-19.0,0.9844893256085924,0.0776749104261398,-0.2707458856928174,1241,-1,-21.0,0.2894737674796488,0.1850813329219818,-0.3962075666633608,780,-1
-19.0,0.7985108830616809,0.0571297630667686,-0.3128258547849807,1013,-1,-19.0,0.4401559377874946,0.4040924310684204,-0.2916922079256333,1145,-1
-20.0,0.7528072485583834,0.0411768108606338,-0.3519929244986101,923,-1,-20.0,0.47291636699810624,0.6016665697097778,-0.32120141607116565,1005,-1
-18.0,0.9773354472126812,0.0764938294887542,-0.2955305452828169,1153,-1,-20.0,0.42890182297560386,0.5287425518035889,-0.38232171130067566,927,-1
-20.0,0.9549942320445552,0.072557508945465,-0.320714346321736,975,-1,-19.0,0.4694331435894128,0.6278782486915588,-0.27983664647426154,946,-1
-18.0,1.236933332751505,0.0630034729838371,-0.3569232315533744,1160,-1,-21.0,0.4495005937642418,0.6806974411010742,-0.3869411623943598,809,-1
-20.0,1.0687055008020252,0.0657133311033248,-0.4306679322211029,899,-1,-21.0,0.6212678242009133,0.5365484356880188,-0.34102325546385875,1050,-1
-21.0,1.027977692661807,0.0231270212680101,-0.4769182252501033,849,-1,-21.0,0.5271656607219484,0.6145247220993042,-0.31692896031973533,972,-1
-18.0,1.486185753135942,0.0437567457556724,-0.3973929738359794,1241,-1,-20.0,0.5297637886251323,0.6461094617843628,-0.27238401789761485,1065,-1
-20.0,1.1576933672185987,0.0453625470399856,-0.4370466992428975,959,-1,-20.0,0.4265930727124214,0.5602980256080627,-0.38936380947635113,839,-1
-21.0,1.1112703090766445,0.0267406180500984,-0.4585149698365428,930,-1,-21.0,0.4811820977483876,0.5661468505859375,-0.3881164158445893,975,-1
-20.0,1.1715211453847587,0.0431953556835651,-0.4259170506197214,1004,-1,-19.0,0.5262207298073918,0.6735193729400635,-0.34365581441302223,963,-1
-21.0,0.9416459914064036,0.0609564930200576,-0.4989337243485566,839,-1,-21.0,0.41516433807555586,0.5459227561950684,-0.33935283255387405,761,-1
-20.0,0.9003966519376263,0.0387591421604156,-0.5115392003707845,899,-1,-20.0,0.5823608891223557,0.7440114617347717,-0.3035780330728406,1099,-1
-19.0,0.8597526994999498,0.0537299364805221,-0.5024641344573028,917,-1,-21.0,0.3997591323859524,0.43318480253219604,-0.3407613099407171,821,-1
-20.0,0.8235968922963366,0.044177159667015,-0.4303225229342974,911,-1,-21.0,0.4958750098012388,0.5807989239692688,-0.42061278507516864,940,-1
-21.0,0.8494326578220353,0.0349258705973625,-0.4888560894499946,909,-1,-21.0,0.4151212592259981,0.688476026058197,-0.5039593936152642,821,-1
-21.0,0.709630302619189,0.0047753690741956,-0.5463633762221477,779,-1,-19.0,0.5649456812534481,0.4152557849884033,-0.3496892848211416,1130,-1
-20.0,0.8725489281350747,0.0296713486313819,-0.5288750472039558,974,-1,-21.0,0.4269588529714383,0.4479709267616272,-0.5452221577758328,789,-1
-21.0,0.7563584692543373,0.009910324588418,-0.5270391496672284,900,-1,-19.0,0.5764156733057462,1.32262122631073,-0.3689882330619565,1099,-1
-20.0,0.7304295558715239,0.0441611483693122,-0.5233050115092331,840,-1,-21.0,0.45949032629141584,0.4628494083881378,-0.3976004644304914,881,-1
-21.0,0.6200590904336423,-0.0064795548096299,-0.5828390762104119,780,-1,-21.0,0.44246815174119547,0.42498674988746643,-0.4542024505158635,881,-1
-21.0,0.6706601277692243,0.0153573229908943,-0.6073024078099323,840,-1,-20.0,0.5019560207147151,0.7742082476615906,-0.42648263134590403,960,-1
-21.0,0.6273365503875539,0.0076493611559271,-0.650201256446929,789,-1,-21.0,0.47701091784983873,0.5352838039398193,-0.6035736992829788,821,-1
-19.0,0.8026197766885161,0.0215767361223697,-0.5296853433964942,965,-1,-21.0,0.4781015167827718,0.33659741282463074,-0.587417615482625,882,-1
-19.0,0.8528021745150909,0.0714834630489349,-0.5395420234932908,1076,-1,-20.0,0.44046761031495407,0.6533811092376709,-0.47717689592945317,839,-1
-20.0,0.8955250207800418,0.0878331661224365,-0.5056793846881711,1111,-1,-19.0,0.47366999654332176,0.7204497456550598,-0.4640919755155284,995,-1
-20.0,0.8500345352804288,0.050464566797018,-0.6015778090859913,1042,-1,-18.0,0.5986148507799953,0.7675122618675232,-0.4150366941777666,1164,-1
-18.0,0.9278882495127618,0.0076135378330945,-0.5292203477444821,1148,-1,-20.0,0.4879653306561522,0.6142832636833191,-0.45459158653413695,964,-1
-18.0,0.8657039495301433,0.0112516786903142,-0.5497841556005154,1090,-1,-20.0,0.562778040592093,0.529542088508606,-0.40473688573670497,1054,-1
-21.0,0.9061584630981088,-0.0256203729659318,-0.544069161945406,1012,-1,-20.0,0.623319634993095,0.5514140725135803,-0.39057394398734335,1084,-1
-20.0,1.0596395671600476,-0.0177556090056896,-0.5491232205705711,1170,-1,-20.0,0.6408227406791411,0.5396275520324707,-0.46884082273178895,1043,-1
-19.0,1.151044596452266,0.0003720368258655,-0.512537135033432,1299,-1,-20.0,0.657195434672758,0.6492108106613159,-0.39128785814606726,1092,-1
-19.0,1.160014329245314,-0.0107458923012018,-0.5606703602243207,1261,-1,-20.0,0.6675967002520338,0.7219046354293823,-0.3704695842110013,1007,-1
-20.0,1.0578161890152842,-0.0309590622782707,-0.5828660528435082,1141,-1,-21.0,0.5221138119813986,0.5483421087265015,-0.5581361686237031,808,-1
-18.0,1.3395823346218094,-0.0158229991793632,-0.5693973188123584,1438,-1,-19.0,0.7455451090936549,0.8203456401824951,-0.3412110529594645,1056,-1
-21.0,1.0244769452838227,-0.0273853987455368,-0.6270686543001878,1167,-1,-19.0,0.7597030765609816,0.8933435082435608,-0.3296757630963009,1034,-1
-17.0,1.1406890294747427,0.182795763015747,-0.5866438482323564,1270,-1,-20.0,0.958753964281641,1.065185785293579,-0.3555055050271228,1082,-1
-18.0,1.4041070346720517,-0.0325511954724788,-0.5179650798756644,1542,-1,-19.0,1.1194613579427823,0.9470808506011963,-0.38672967197698593,1185,-1
-15.0,1.4773383899591863,0.1459184437990188,-0.5440059130351061,1577,-1,-18.0,1.3158901885617524,0.6514870524406433,-0.31524690890218166,1327,-1
-18.0,1.4269684758037329,0.2821002006530761,-0.543628929901647,1507,-1,-20.0,1.2975723346462473,0.8329700231552124,-0.3004112840028277,1126,-1
-20.0,0.8939507307950407,0.0218187570571899,-0.6493758499890884,1051,-1,-16.0,1.4079967677826062,1.140838861465454,-0.31108043227479437,1351,-1
-16.0,1.5922183466609567,0.0283499099314212,-0.564554754522434,1675,-1,-17.0,1.397911857580766,1.0282710790634155,-0.29966368593327625,1268,-1
-20.0,1.0904683439293876,-0.0328682623803615,-0.5811738013277947,1197,-1,-19.0,1.5139874300220981,0.9348922967910767,-0.3131879358591763,1324,-1
-19.0,1.340842854231596,0.0163184329867362,-0.6055076789256749,1466,-1,-18.0,1.6037737356964499,1.4544250965118408,-0.25252073694324595,1189,-1
-17.0,1.4628972738282755,0.4213933646678924,-0.5667006687111618,1492,-1,-18.0,1.5484732063487172,1.2305541038513184,-0.30057182127722726,1135,-1
-19.0,1.1769647201290354,0.0867699906229972,-0.6356869120568207,1174,-1,-16.0,1.8469116287305951,0.9168592691421509,-0.28039031033883705,1371,-1
-18.0,1.4543498522834852,0.1425008028745651,-0.6086917340943814,1381,-1,-17.0,1.746510215336457,1.3485767841339111,-0.31725225655795936,1298,-1
-16.0,1.5390945244580507,0.1151581108570098,-0.5974852680934204,1539,-1,-18.0,1.8831323548220098,1.3085225820541382,-0.30690678816765915,1344,-1
-17.0,1.824125062674284,0.3039530217647552,-0.5910419025911178,1734,-1,-15.0,2.184569690609351,1.1021058559417725,-0.2580901824032897,1514,-1
-16.0,2.015528643503785,0.2971064448356628,-0.6172207894127104,1871,-1,-16.0,2.0179721699096262,1.1503572463989258,-0.23105313506183198,1487,-1
-18.0,1.6583601259626448,0.3874670565128326,-0.6083863304846604,1503,-1,-17.0,2.1528743549715728,0.9859747290611267,-0.214082923945891,1527,-1
-17.0,1.800297515350394,0.3896965384483337,-0.565485987186242,1611,-1,-21.0,1.6519172235857695,0.6861090064048767,-0.3753084685852944,1170,-1
-12.0,2.121057610376738,0.3842532932758331,-0.5446516992582197,2108,-1,-13.0,2.461311794584617,1.261244773864746,-0.16573694780298626,1631,-1
-16.0,1.7801442258059978,0.3983727693557739,-0.5240030584242474,1744,-1,-16.0,2.022903419332579,1.3917694091796875,-0.17662856848587546,1316,-1
-15.0,2.2330391764407977,0.494990199804306,-0.5009952386526878,2193,-1,-16.0,2.4167978554032743,1.1783908605575562,-0.16617009399429905,1407,-1
-14.0,2.252170379273593,0.4612778723239898,-0.5082733384260562,2120,-1,-15.0,2.718349273316562,1.34618079662323,-0.15796134677129156,1559,-1
-18.0,2.003397824941203,0.3920654356479645,-0.4800640311188394,1885,-1,-11.0,3.2921089723240584,1.2971620559692383,-0.14596438504430298,1823,-1
-19.0,1.8651531387586149,0.4764509499073028,-0.4866594687346812,1751,-1,-15.0,2.7700531703885645,1.2768981456756592,-0.12843359600888477,1584,-1
-15.0,2.105747891589999,0.6123314499855042,-0.4695325637237865,2060,-1,-15.0,2.967612887499854,1.1519273519515991,-0.13031768654432066,1688,-1
-15.0,2.387380206724629,0.4219257831573486,-0.4761274273794271,2268,-1,-15.0,2.8190984074026346,1.2391157150268555,-0.1501442109315468,1760,-1
-17.0,1.9157176947919647,0.5654604434967041,-0.4596094413840631,1767,-1,-8.0,3.5055228385608643,1.5372458696365356,-0.11808882450651814,2287,-1
-17.0,2.009427970740944,0.7065057754516602,-0.4336130689430986,2017,-1,-11.0,2.9334680472966284,1.4343438148498535,-0.09514737340044319,2005,-1
-17.0,1.7679549877066163,0.516692042350769,-0.4502889320137219,1768,-1,-4.0,3.8466533317696303,1.3104690313339233,-0.07604390386979594,2744,-1
-18.0,1.5520319307688624,0.578546404838562,-0.4589885932844923,1606,-1,-9.0,3.2078252164646983,1.3597246408462524,-0.01691124187768485,2043,-1
-15.0,2.0535921584814787,0.8757352828979492,-0.3834241232516375,2100,-1,-9.0,3.952847552485764,1.3148282766342163,-0.03368362506875218,2431,-1
-10.0,2.447178062982857,0.9200880527496338,-0.3683240692329408,2605,-1,-10.0,3.716929430142045,1.5668123960494995,0.023931005622957708,2264,-1
-10.0,2.376953359576873,0.772300660610199,-0.3796922378553511,2470,-1,-13.0,3.7674565836787224,1.3428670167922974,0.000971213528224379,2332,-1
-13.0,2.064269131049514,0.8486083149909973,-0.3665814241910763,2210,-1,-9.0,3.5916366651654243,1.2854204177856445,0.03239554573863794,2451,-1
-11.0,2.178833797806874,0.9350818991661072,-0.3602266428325365,2296,-1,-15.0,2.4560609210748225,1.5117813348770142,0.05789149158881954,1867,-1
-9.0,2.314190860139206,0.922670304775238,-0.3717023186593766,2596,-1,-9.0,2.731803212314844,1.5884273052215576,0.0970527634818344,2263,-1
-16.0,1.841687001520768,0.7525813579559326,-0.3895981725483756,2200,-1,-10.0,2.775034380843863,1.561956524848938,0.14246488836933283,2317,-1
-12.0,2.0619283034466207,0.7704299688339233,-0.3813485957222636,2383,-1,-6.0,2.8326737843453884,1.5755685567855835,0.16305131613638874,2425,-1
-8.0,2.4468046308029443,0.9252131581306458,-0.3039455996504073,3034,-1,-5.0,3.2256208662874997,1.396082878112793,0.13119161590997291,2601,-1
-11.0,2.210398960276507,0.8492132425308228,-0.2737748400749331,2676,-1,2.0,3.8629250766243786,1.493540644645691,0.1347487347999548,2853,1
-10.0,2.012196763185784,0.8648540377616882,-0.233659357738595,2522,-1,1.0,4.764528080821037,1.797451138496399,0.1474865195732964,3016,1
-9.0,2.1208998777437955,0.9027288556098938,-0.2258307082871412,2665,-1,-8.0,3.7254181494936347,1.6151458024978638,0.22887380556816533,2372,-1
-6.0,2.2949367969995365,0.988588273525238,-0.2248110658523714,3031,-1,-8.0,3.866116043878719,1.678758978843689,0.28682930722069505,2445,-1
-13.0,2.148428365821019,1.026350975036621,-0.2290906601147928,2791,-1,-7.0,3.1260609549935907,1.7552330493927002,0.30532255637479266,2258,-1
-18.0,1.753298825235106,1.068822979927063,-0.2183192903100766,2246,-1,-2.0,4.186774661531672,1.72396719455719,0.26535066550737985,2978,-1
-10.0,1.656874566571787,1.0551038980484009,-0.1890888768211486,2237,-1,-3.0,3.9830365555826575,1.7814109325408936,0.32283661835648697,2953,-1
-16.0,1.6153938258066771,1.16132652759552,-0.1504948416345725,2236,-1,-2.0,3.8078738211188465,1.729041337966919,0.36531831108617174,3046,-1
-4.0,2.142513289465569,1.1269179582595823,-0.1305044866052562,3147,-1,2.0,3.664383134106174,1.7801783084869385,0.39884952846173427,2799,1
-10.0,1.8430658518336716,1.1680103540420532,-0.0841306389425339,2573,-1,4.0,3.9736364814452827,1.7585093975067139,0.45247661553890517,3009,1
-8.0,2.023365630651824,1.1787965297698977,-0.0792935193617453,2954,-1,2.0,4.456675404915586,2.020735740661621,0.4277494366487337,3300,1
-14.0,1.421451958711259,1.1701592206954956,-0.0787319190000291,2012,-1,-4.0,3.065069624222815,1.8275474309921265,0.51412580699153,2802,-1
-9.0,1.9703249934827909,1.3847942352294922,-0.0629709285852914,2804,-1,3.0,3.410241251345724,1.9018937349319458,0.5449270886560766,2942,1
-5.0,2.0631165322847664,1.515559196472168,-0.0537181252692266,2961,-1,-6.0,3.306413309648633,1.9509649276733398,0.619428074016054,2731,-1
-10.0,1.71802291914355,1.1754186153411863,-0.0665157650030686,2344,-1,7.0,3.5681576675269753,1.9173482656478882,0.6311091988313565,2792,1
-9.0,1.7571598476497456,1.2504647970199585,-0.025133060295688,2475,-1,2.0,4.225186472060159,1.95871901512146,0.6535137131111166,3303,1
-9.0,1.5604216459905729,1.3010220527648926,0.0016166250751375,2357,-1,11.0,3.2270051017403603,1.8593113422393799,0.6432643950525377,2503,1
-12.0,1.4667248870246112,1.3099709749221802,0.0311002204803893,2156,-1,5.0,4.208645399194211,2.1305525302886963,0.6801804666695337,3410,1
-12.0,1.535967169795185,1.5125988721847534,0.0424229431306754,2307,-1,1.0,3.8840024201199412,2.0653538703918457,0.7538476853300698,3437,1
-10.0,1.7115517889615148,1.3215535879135132,0.0335190544195602,2641,-1,4.0,3.1021965022664517,2.0431973934173584,0.7175269940716902,3169,1
2.0,2.322845227783546,1.5302667617797852,0.1019066604119616,3388,1,8.0,2.7333966593723744,2.033952236175537,0.8015315483548694,2844,1
-5.0,2.409519702778198,1.5562931299209597,0.0634684274154614,3321,-1,7.0,3.2488276220392436,2.0592565536499023,0.8257905834020646,3114,1
-2.0,2.158635532716289,1.4304413795471191,0.1102935091544693,3265,-1,8.0,2.877543831244111,2.0866150856018066,0.8643438425744365,2820,1
-1.0,2.32349642412737,1.434080719947815,0.1046938499725484,3511,-1,6.0,2.7213132539764047,2.0372893810272217,0.8722692273880954,3001,1
-14.0,1.8682334123877808,1.3347278833389282,0.0981620820092345,2565,-1,9.0,2.976779258111492,2.135767698287964,0.8418991748139028,3109,1
6.0,2.149310195236467,1.7370193004608154,0.221547465723026,2980,1,8.0,2.4425065701361746,2.160191297531128,0.9533001029464049,2759,1
-1.0,2.924460012116469,1.5280827283859253,0.226470302056759,4029,-1,12.0,2.317765401210636,2.2539572715759277,0.9875405908675576,2766,1
-7.0,1.9908751819748431,1.5661935806274414,0.2745425688603917,2859,-1,6.0,2.7731448393315077,2.242034673690796,0.9956412608329437,3332,1
6.0,1.9764751959592104,1.6762213706970217,0.3499912685855819,3016,1,9.0,2.3638453676830977,2.1707675457000732,0.9700486130840973,2948,1
10.0,1.907795808278024,1.611247420310974,0.3866604214409748,2832,1,8.0,2.183484242996201,2.4585840702056885,1.0059219940376074,2908,1
8.0,1.528805420617573,1.5785841941833496,0.4310443347709726,2405,1,7.0,2.231816461891867,2.3596537113189697,1.101683312952684,2679,1
12.0,1.7323742109001614,1.7981467247009275,0.3825413542846584,2716,1,9.0,1.9812978758709505,2.3173763751983643,1.1060340411005345,2617,1
12.0,1.4562520523322746,1.6340446472167969,0.4497912282860381,2324,1,13.0,1.6245860493509099,2.2765932083129883,1.1107545263749505,2150,1
16.0,1.3036248023854569,1.7494529485702517,0.5261859810902181,2146,1,18.0,1.3845315341604874,2.2657129764556885,1.046648478319309,1859,1
19.0,1.01569447258953,1.669389247894287,0.5671208108221644,1720,1,13.0,1.6337234143866226,2.3267829418182373,1.1179296474170233,2278,1
17.0,1.0375158933456987,1.6147481203079224,0.5785832459192142,1822,1,11.0,2.0933424183167517,2.37815523147583,1.1223149633748768,2937,1
16.0,1.0400224921759218,1.677273869514465,0.5791463371168424,2031,1,12.0,1.6187306254869327,2.3712875843048096,1.1808458791499488,2415,1
15.0,1.1026580486795865,1.7096813917160034,0.5814669639906126,2175,1,12.0,1.704564206302166,2.460909366607666,1.1698706842537443,2454,1
11.0,1.3075673294370065,1.6798014640808103,0.5789576937427499,2407,1,12.0,1.5460720168193802,2.4122328758239746,1.2150677150939988,2329,1
13.0,1.3204446015879512,1.689947247505188,0.5778557377164923,2456,1,10.0,1.8080032634316012,2.423661947250366,1.2170665221004946,2665,1
4.0,1.8275271388702092,1.6348848342895508,0.5433702776475254,3188,1,13.0,1.4648828246863559,2.460170269012451,1.1916646945018678,2320,1
14.0,1.2041369277867489,1.697460651397705,0.6621490313094683,2243,1,16.0,1.554515655618161,2.3708364963531494,1.1436918284006348,2249,1
12.0,1.5074660498066803,1.6299299001693726,0.6186529362719961,2948,1,14.0,1.4903231331845745,2.5158731937408447,1.2537391265834192,2152,1
19.0,0.8590763714164495,1.7058967351913452,0.81573391580375,1849,1,7.0,1.8747924604685977,2.588829278945923,1.3023833161862288,2841,1
12.0,1.1670394846005363,1.6330978870391846,0.7473351519223769,2499,1,8.0,2.1872618711786345,2.4403440952301025,1.2387382479126603,3097,1
13.0,1.0775886360788718,1.7019901275634766,0.7433624809275874,2426,1,12.0,1.4993821647949517,2.4719371795654297,1.279494560722706,2278,1
12.0,1.1800780073390342,1.6974517107009888,0.7468255349159174,2546,1,17.0,1.4306539503159001,2.6511967182159424,1.2745309636803182,2069,1
14.0,1.0399617027142083,1.7965363264083862,0.8021232104641737,2212,1,14.0,1.381183487130329,2.5844428539276123,1.2966352582137484,2206,1
18.0,0.8266391485813074,1.9184796810150144,0.9613601234218512,1889,1,18.0,1.1220223276177421,2.464273691177368,1.2748941241093636,1902,1
11.0,1.224031843303237,1.7903858423233032,0.7780538626633816,2774,1,15.0,1.3509266619803384,2.5885093212127686,1.2838988192131382,2310,1
16.0,1.0592697062529624,1.848879098892212,0.8641873612944251,2242,1,11.0,1.7028670724248514,2.4440512657165527,1.3360239345489084,2586,1
21.0,0.7303803387912922,1.7969694137573242,0.9602240083897706,1629,1,17.0,1.3333694470347837,2.597055673599243,1.4120398248733608,2044,1
8.0,1.2112437522155233,1.959439158439636,0.8390813495806078,2861,1,18.0,1.165192233514972,2.592839002609253,1.3358572505604982,1875,1
19.0,0.7538287941133603,1.9651464223861692,0.9486231042886633,1921,1,17.0,1.4408408011076972,2.3555989265441895,1.2467104180220876,2242,1
18.0,0.7140363556682132,1.9357484579086304,1.0009023276713869,1955,1,17.0,1.3706668351078406,2.484931230545044,1.3536914879166677,2022,1
20.0,0.6434338040999137,1.8452354669570925,1.026469990377445,1834,1,16.0,1.4236741057829931,2.503195285797119,1.3014809059600454,2308,1
11.0,0.8767594813252799,1.9052096605300903,0.8954447067831744,2624,1,13.0,1.6024065578822047,2.5919675827026367,1.4888697662061865,2405,1
16.0,0.8032177808345295,1.8672515153884888,0.9520548261959862,2347,1,18.0,1.095786977908574,2.4860265254974365,1.450740573479124,1966,1
9.0,0.8505227052955888,2.2572691440582275,0.9407229919877912,2655,1,13.0,1.1236633440712467,2.5888514518737793,1.5248151057398016,2194,1
15.0,1.00238741497742,2.0707602500915527,0.885015624296374,2796,1,17.0,0.9659427570877597,2.7162487506866455,1.5586145423879245,1859,1
20.0,0.6205864194780588,1.9584070444107056,1.0128650222492628,1848,1,16.0,0.9674274645512924,2.591667413711548,1.5748672370801935,1947,1
16.0,0.6425846901256591,1.9147268533706665,0.9649312511126666,2071,1,17.0,0.969832377799321,2.6514482498168945,1.527467699610096,2067,1
13.0,0.7614816047134809,2.021568775177002,0.9826775977890992,2361,1,18.0,1.0102338768774644,2.699843645095825,1.5047134455129334,2033,1
17.0,0.6467598940944299,1.9626318216323853,1.0940146473411538,2018,1,16.0,0.9511428811820224,2.681442975997925,1.553618562962821,2093,1
17.0,0.5961670071701519,1.9679057598114011,1.054026063316056,1959,1,12.0,1.333120075520128,2.706944227218628,1.5114001582840357,2490,1
11.0,0.944179707323201,2.1646299362182617,0.9703822129900246,2756,1,16.0,1.1238191546872258,2.7008323669433594,1.5411482507811876,2117,1
16.0,0.7261043742764741,2.033196449279785,1.005784113977413,2150,1,17.0,1.01777762779966,2.6770272254943848,1.5073315191994732,1986,1
18.0,0.6103138035105076,1.942848801612854,1.1022979822420962,1843,1,19.0,0.7986632602987811,2.6091692447662354,1.5789663624051637,1768,1
17.0,0.6453683521249332,2.1681909561157227,1.1237859397465977,1954,1,17.0,0.8731812303885818,2.628741502761841,1.5692016877755195,2007,1
12.0,0.8199960797792301,2.06776762008667,1.0617862999009424,2396,1,15.0,1.060755352722481,2.7687671184539795,1.5617860847525218,2210,1
16.0,0.7291327869170345,2.032715320587158,1.0869654687448276,2172,1,17.0,0.9973967185942456,2.7186672687530518,1.5412225141070384,2253,1
19.0,0.749644948518835,2.0007948875427246,1.0897873368580595,2036,1,16.0,0.8427214832045138,2.766315221786499,1.6693219978386056,1978,1
11.0,0.8761047091684304,2.113882064819336,1.0826906820200042,2483,1,18.0,0.7290356536395848,2.5799388885498047,1.5946748484839142,1883,1
15.0,0.7494265300338157,2.086531639099121,1.0872950214924475,2230,1,18.0,0.8097262365045026,2.5974130630493164,1.554230147390323,2034,1
17.0,0.7338180500082672,2.1735336780548096,1.1440921368296817,2065,1,16.0,0.8208811058430001,2.8112359046936035,1.7045360014372668,2124,1
8.0,1.0807294246624224,2.194417715072632,1.0487463821451235,2954,1,16.0,0.700318535673432,2.7543227672576904,1.675333165178076,1944,1
16.0,0.8508116583980154,2.1294398307800293,1.149914080091749,2117,1,14.0,1.070614488911815,2.6832075119018555,1.5622356853847676,2389,1
16.0,0.7804409305099398,2.1704421043396,1.1701177447489497,2161,1,17.0,0.9219490211107768,2.620044469833374,1.6331241359703421,1899,1
14.0,0.8081207497161813,2.153071641921997,1.1402356752490987,2306,1,18.0,0.8070603405940346,2.5455498695373535,1.4155457745198357,1998,1
16.0,0.7742025049519725,2.1165285110473637,1.1632937641170376,2199,1,18.0,0.6484151741024107,2.6572134494781494,1.4604014035232449,1815,1
15.0,0.9236891453329008,2.1988930702209477,1.1033146095401207,2769,1,16.0,0.7356946800719015,2.660024642944336,1.5676707156440797,2050,1
14.0,0.8908996107056737,2.2977371215820312,1.1681103141390947,2353,1,17.0,0.644742782576941,2.7876830101013184,1.6935615545851834,1854,1
19.0,0.5973438851942774,2.107219219207764,1.255132539684907,1764,1,15.0,0.803503685106989,2.730931282043457,1.6825760371399372,2303,1
18.0,0.5558398525463417,2.189997673034668,1.205107457207394,1912,1,18.0,0.6423487938591279,2.5740044116973877,1.5463689399876543,2076,1
15.0,0.6861032737942878,2.112107515335083,1.165512623415763,2304,1,14.0,0.8705001939088106,2.6592342853546143,1.5515400648469542,2407,1
16.0,0.6059175132249948,2.0806050300598145,1.1793659662327023,2076,1,15.0,0.800690095173195,2.6762616634368896,1.636454239132113,2126,1
18.0,0.5901106883829925,2.0492711067199707,1.1915576727849522,1986,1,20.0,0.5585321421385743,2.525853157043457,1.5512620385534925,1734,1
20.0,0.4604684915975667,2.0159707069396973,1.2518158705713454,1664,1,18.0,0.6560567922424525,2.6037979125976562,1.5364222754211225,2027,1
20.0,0.402403513144236,2.0738272666931152,1.254930699639672,1665,1,17.0,0.8071689727948979,2.744581937789917,1.5977502383836777,2235,1
18.0,0.4371083405567333,2.124049186706543,1.215140384131747,1895,1,18.0,0.7677923419396393,2.6967716217041016,1.6577552944633644,1818,1
19.0,0.4914228128618561,2.05694842338562,1.1918972571536477,2044,1,15.0,1.069397256418597,2.7374374866485596,1.6820617084888536,2305,1
13.0,0.5141601148643531,2.198439121246338,1.187351769983236,2210,1,16.0,0.924692741537001,2.657182216644287,1.578289704875742,2259,1
19.0,0.4448916273540817,2.1013882160186768,1.2649628356133582,1753,1,19.0,0.725959719507955,2.781428575515747,1.6303940774614718,1777,1
7.0,0.7185136936604977,2.2702629566192627,1.2029225412303548,2787,1,19.0,0.7018754072487354,2.67212176322937,1.6712111135094951,1836,1
18.0,0.5428729880368337,2.128906011581421,1.2425851453011367,1985,1,19.0,0.6218896841746755,2.818108320236206,1.7236753435209868,1813,1
15.0,0.5735241084476002,2.1295289993286133,1.2014485007341376,2319,1,19.0,0.5107055301195942,2.7784602642059326,1.6724222508544269,1761,1
20.0,0.5091832691105083,2.0658740997314453,1.235853947761642,1876,1,17.0,0.6465414736303501,2.9876351356506348,1.6492870613851727,2122,1
18.0,0.5664461190172005,2.0903069972991943,1.2010478953873729,2115,1,19.0,0.5364326570415869,2.700014352798462,1.6614394686857525,1875,1
15.0,0.711305683478713,2.151716947555542,1.1656731086460443,2574,1,18.0,0.4838453475967981,2.794868230819702,1.6769902130238776,1856,1
14.0,0.5483249867684208,2.130664587020874,1.2080452586792942,2091,1,19.0,0.4847047174698673,2.586634397506714,1.6319173348854474,1787,1
16.0,0.497522144112736,2.1286838054656982,1.1808164672457837,2083,1,19.0,0.5604918165481649,2.6702144145965576,1.5986407613234552,1938,1
20.0,0.4408235728915315,2.1121528148651123,1.2608217686849312,1864,1,16.0,0.5467747597722337,2.8098819255828857,1.8051185221529895,1926,1
16.0,0.4537735854100901,2.2225937843322754,1.2695044676476186,1956,1,19.0,0.499002160388045,2.7061872482299805,1.580017226974354,1814,1
19.0,0.4867685531789902,2.234532594680786,1.2533956499075098,1930,1,18.0,0.48449978954158723,2.7137389183044434,1.7767883898775076,1800,1
19.0,0.4117682288051583,2.1011006832122803,1.2719250365776855,1695,1,18.0,0.5119257979677059,2.5841774940490723,1.614034519601687,1928,1
14.0,0.5645213075622451,2.222085237503052,1.2310857460471052,2428,1,16.0,0.6277473050868139,2.7847793102264404,1.744263481226739,2034,1
19.0,0.4261038651748094,2.2087161540985107,1.260996267099102,1989,1,14.0,0.7786846032831818,2.7438087463378906,1.8096844065460411,2156,1
18.0,0.4217642973526381,2.2992372512817383,1.2824498275430325,1964,1,17.0,0.5655688471160829,2.6034228801727295,1.6389135676126185,1853,1
20.0,0.3230242462595925,2.2014009952545166,1.3597435543310177,1695,1,20.0,0.5565303165931255,2.813843250274658,1.5797982977063958,1786,1
16.0,0.414511013921583,2.2068445682525635,1.310770843231413,2095,1,13.0,0.680083190149162,2.7116544246673584,1.7458797985024055,2114,1
18.0,0.4424281903193332,2.214664936065674,1.3072352826059874,2129,1,15.0,0.7264537562150508,2.6087465286254883,1.5993285249292772,2326,1
15.0,0.4052841822849586,2.167137622833252,1.3189335250342535,2039,1,18.0,0.5411547760013491,2.7256994247436523,1.7154235019482358,1870,1
13.0,0.5160097701009363,2.209798812866211,1.2540806290648656,2393,1,21.0,0.43120824394281954,2.506908655166626,1.5894257617331704,1656,1
18.0,0.4198190209281165,2.187267303466797,1.3205269347750266,1961,1,15.0,0.586219082120806,2.720191240310669,1.7347842964548055,2076,1
19.0,0.4117994164698757,2.128434419631958,1.3134348815573116,1889,1,16.0,0.6072339945822023,2.8234221935272217,1.6011596513571962,1997,1
19.0,0.3925764093000907,2.1357433795928955,1.3120981425727,1810,1,18.0,0.5558409634395503,2.7350525856018066,1.7296314643441102,1911,1
20.0,0.3358734678477049,2.343626022338867,1.371614772298258,1761,1,19.0,0.5102707059704699,2.658515453338623,1.6831716083210613,1768,1
19.0,0.3283804895181674,2.179967164993286,1.3749407646936027,1806,1,14.0,0.6794517777161673,2.64117431640625,1.590600695586099,2283,1
18.0,0.3050975945661776,2.155041217803955,1.3188900661448684,1871,1,18.0,0.5434373251628131,2.498408317565918,1.4989926614669922,1869,1
15.0,0.4004937907448038,2.2522311210632324,1.3194403599616171,2189,1,20.0,0.48001057567307726,2.4492437839508057,1.582993263691282,1701,1
11.0,0.6020692458550911,2.253837823867798,1.2508831697981049,2615,1,15.0,0.6980242638965137,2.7390406131744385,1.694290941166025,2206,1
14.0,0.4383460663957521,2.2658884525299072,1.3138783801860086,2110,1,19.0,0.5713397694053128,2.580920934677124,1.574799432255987,1880,1
18.0,0.4094855002185795,2.2717480659484863,1.4229656214799182,1850,1,15.0,0.6816037440439686,2.6325716972351074,1.5835221824493055,2193,1
17.0,0.4218763021053746,2.270076036453247,1.3847730371716322,1990,1,17.0,0.6321992148878053,2.949476718902588,1.7989784438890057,1911,1
17.0,0.4262110269628465,2.264796018600464,1.4073738236668094,1965,1,14.0,0.7177459839149378,2.65496826171875,1.6287784222399297,2236,1
18.0,0.380169356445549,2.1989552974700928,1.4195476993578346,1787,1,11.0,0.7587564060813747,2.751431465148926,1.6390349734557916,2351,1
7.0,0.7168335585738532,2.4260504245758057,1.2477447869154783,3060,1,19.0,0.626374140905682,2.411726951599121,1.5260373672637975,1840,1
21.0,0.3727128563041333,2.189436674118042,1.396912953253706,1631,1,19.0,0.5674341951380484,2.6099319458007812,1.6238230528453215,1761,1
16.0,0.4492748279008083,2.225592851638794,1.342227461401827,2064,1,17.0,0.6065869823214598,2.813270330429077,1.6725209958757548,1935,1
20.0,0.3997968109906651,2.2015576362609863,1.416354022486074,1754,1,14.0,0.7363890269189142,2.6888136863708496,1.5806428078543133,2278,1
11.0,0.5386276411009021,2.311636686325073,1.3178002634824897,2509,1,12.0,0.7363639457616955,2.594285488128662,1.511243738477579,2206,1
12.0,0.5851373740297277,2.4222218990325928,1.2645973260754462,2477,1,18.0,0.6592447079019621,2.6358630657196045,1.5325756653005633,1894,1
17.0,0.5215270793705713,2.268650531768799,1.3758279464181535,1990,1,19.0,0.5476588772144169,2.5632998943328857,1.6142616510801382,1725,1
17.0,0.5824692588939797,2.1860246658325195,1.306843664845295,2274,1,17.0,0.6342680649249814,2.6176817417144775,1.5863483429710998,1962,1
17.0,0.4396623534848913,2.278403043746948,1.367272242122138,1917,1,20.0,0.5315473970258608,2.4673585891723633,1.5904199595605688,1669,1
21.0,0.4104580671410076,2.228189706802368,1.3272425930840883,1742,1,13.0,0.8553522431175224,2.6967084407806396,1.628577506216459,2268,1
17.0,0.4720766273676418,2.213675022125244,1.3196822577211451,2132,1,18.0,0.6628646835451946,2.4637556076049805,1.5775106220167479,1837,1
17.0,0.5007069605635479,2.2133500576019287,1.2914449161986583,2131,1,13.0,0.8465819918783382,2.8501734733581543,1.5455723565387698,2315,1
20.0,0.3710448485508095,2.180000305175781,1.455643150889668,1668,1,15.0,0.7868133961455896,2.7478816509246826,1.5784591460460984,2224,1
17.0,0.4257001504010986,2.2325189113616943,1.3984273408417782,2043,1,16.0,0.6886850680457428,2.585249423980713,1.5516542933320008,1957,1
19.0,0.4294354522426147,2.3137385845184326,1.3841152516853454,2067,1,21.0,0.5206102797528729,2.352107524871826,1.5094164339617508,1699,1
17.0,0.394541080284398,2.35198974609375,1.419724121276104,1910,1,18.0,0.5165209032129496,2.5635879039764404,1.5379848590185752,1884,1
18.0,0.3989899174775928,2.2515809535980225,1.4485815064242633,1864,1,20.0,0.4508556742221117,2.3525726795196533,1.568103527184285,1691,1
10.0,0.63481647829758,2.286726236343384,1.305970620974353,2995,1,19.0,0.43731407687300816,2.525357246398926,1.6216212169890352,1767,1
14.0,0.6314340562385041,2.3936240673065186,1.3453561868702546,2463,1,15.0,0.6032321703969501,2.6675636768341064,1.6109564106252214,2074,1
17.0,0.591330806055339,2.334479808807373,1.3768479689844535,2147,1,15.0,0.7263981061405502,2.6599714756011963,1.5820581406343408,2259,1
12.0,0.683725766139105,2.427411794662476,1.2754120290855644,2624,1,17.0,0.5956490749958903,2.5699703693389893,1.6502552794255394,1943,1
16.0,0.5950649738078937,2.322084426879883,1.3711104705778951,2220,1,18.0,0.4840960850706324,2.4838619232177734,1.525825215379254,1856,1
19.0,0.4458344595332164,2.3752944469451904,1.4613510327209132,1817,1,16.0,0.5684431932168081,2.67592191696167,1.5930130573737156,2012,1
15.0,0.4659035373479128,2.3869898319244385,1.4069069906086056,2135,1,16.0,0.6038275117170997,2.545875310897827,1.6211424883116372,1952,1
18.0,0.4168415364692919,2.359731435775757,1.4659142216490448,1826,1,11.0,0.846353642293252,2.549983024597168,1.5557968163320293,2470,1
20.0,0.4289172017597593,2.307619571685791,1.4065484202297267,1853,1,19.0,0.5289116378990002,2.4818930625915527,1.552802472472264,1722,1
21.0,0.3328208560997154,2.322700500488281,1.4668421739483313,1631,1,14.0,0.5938571504084393,2.5426530838012695,1.6302762769038481,2059,1
20.0,0.3184765506885014,2.3103415966033936,1.5023318880184784,1668,1,16.0,0.6401811064570211,2.5866875648498535,1.6085261379293052,2018,1
17.0,0.431664992851438,2.348753929138184,1.382941905325779,2228,1,21.0,0.5076836097287014,2.690422534942627,1.496630253796915,1698,1
17.0,0.425684534071479,2.4177181720733643,1.407628875630046,2137,1,16.0,0.649055351736024,2.5256667137145996,1.5741944338809097,2044,1
18.0,0.4323810011846944,2.273749589920044,1.411407189792958,2027,1,19.0,0.6319455794291571,2.529242992401123,1.5012141876903582,1954,1
18.0,0.4038333727803547,2.488411664962769,1.41832815900272,1943,1,20.0,0.4549595915596001,2.3862133026123047,1.4906273690461393,1702,1
17.0,0.4827743344358168,2.278961658477783,1.408060909448425,2235,1,20.0,0.4033569517196156,2.427816152572632,1.5719533251963076,1691,1
8.0,0.6236316188587807,2.388997793197632,1.355785031939394,2715,1,17.0,0.5219326370279305,2.466712236404419,1.5133310922355065,1979,1
18.0,0.471581460617017,2.4447450637817383,1.4533193515217546,1877,1,19.0,0.43875263672089204,2.41694974899292,1.4650739365998176,1821,1
15.0,0.5267153949826024,2.395760059356689,1.3789457978491562,2170,1,18.0,0.5551344198174775,2.4898953437805176,1.5076534457231845,2107,1
12.0,0.6319622545561288,2.327652931213379,1.299491353923358,2583,1,19.0,0.42113893455825746,2.3594939708709717,1.4950093130503959,1797,1
21.0,0.4322599630686454,2.2880630493164062,1.4456321593453196,1627,1,18.0,0.4619282501807902,2.539856433868408,1.56515689504069,1936,1
11.0,0.6313904874259606,2.335530996322632,1.3342434804379728,2621,1,19.0,0.41047607446671464,2.3712058067321777,1.5210283124875832,1812,1
16.0,0.5908828987448942,2.427262783050537,1.4324887580743926,2100,1,17.0,0.4520141565299127,2.802480459213257,1.6367518120738864,1869,1
18.0,0.4606854317826219,2.375535488128662,1.4275199396718252,1765,1,17.0,0.46574680448975414,2.5418834686279297,1.6310904242503252,1933,1
17.0,0.4883077499980572,2.4511587619781494,1.4820284971892703,1949,1,18.0,0.44465051288716495,2.4290096759796143,1.5336310234043602,1916,1
16.0,0.5363296179275494,2.421177387237549,1.415401011405382,2164,1,16.0,0.5467036025947891,2.5676209926605225,1.5866285351686256,2015,1
18.0,0.4864571928919758,2.458137989044189,1.4236957744153147,1986,1,18.0,0.5000084468338173,2.5197134017944336,1.5335434015400362,1944,1
17.0,0.5268614476954099,2.390096426010132,1.438569298282639,2003,1,17.0,0.5472661125531886,2.4855289459228516,1.4791166476832769,2036,1
15.0,0.5704611509572715,2.408674955368042,1.3476198241942456,2231,1,16.0,0.6260977470083162,2.470872640609741,1.5162313829430127,1950,1
15.0,0.5851316525950097,2.353043556213379,1.3551488225514865,2102,1,18.0,0.7482681276160292,2.4160683155059814,1.5636528110311891,1878,1
10.0,0.8017195230640937,2.384716510772705,1.323726171545592,2738,1,20.0,0.6955838752910495,2.4842307567596436,1.552601296534878,1750,1
13.0,0.731028197798878,2.3487610816955566,1.4188565067807872,2170,1,18.0,0.641434123943327,2.4894065856933594,1.5686621848619398,1870,1
12.0,0.814747630560305,2.4124910831451416,1.309870837411985,2562,1,16.0,0.7257271230919287,2.45286226272583,1.5128382901326183,2127,1
13.0,0.6942401598498691,2.391433000564575,1.4088270911972756,2340,1,18.0,0.6273920511594042,2.4356470108032227,1.4852047972851912,1911,1
15.0,0.6216591649863403,2.468388557434082,1.4276434301736969,2131,1,19.0,0.6095989886089228,2.4470138549804688,1.5453734474993042,1812,1
18.0,0.5637789439351764,2.38450026512146,1.4697873332699702,1926,1,20.0,0.5533051881648134,2.298445463180542,1.4936983618269974,1749,1
17.0,0.4946628124453127,2.4089245796203613,1.5386599976588802,1812,1,17.0,0.6661546566756442,2.4637913703918457,1.5190117419861147,1957,1
18.0,0.4544149292632937,2.407949924468994,1.4888801956896558,1869,1,14.0,0.7989989014458843,2.533403158187866,1.5616170950197745,2156,1
18.0,0.463929504447151,2.471302032470703,1.4410861839976492,1996,1,18.0,0.6377354239230044,2.639425277709961,1.5927758150253992,1835,1
17.0,0.5098550237016752,2.36777138710022,1.4456561790084874,2022,1,19.0,0.6071611222578213,2.3353962898254395,1.4915338143917651,1894,1
16.0,0.5191225493326783,2.4224753379821777,1.4411532503445563,2120,1,18.0,0.5757612363086082,2.6256821155548096,1.5778679093098378,1816,1
17.0,0.5394336796016432,2.420567989349365,1.4280820234423532,2002,1,16.0,0.7273644069209695,2.7071890830993652,1.6082948158739823,2170,1
11.0,0.6790812558610924,2.36064076423645,1.4253933736577282,2393,1,16.0,0.6162141932873055,2.5271053314208984,1.5961179188731112,2038,1
14.0,0.6629083978477865,2.5023269653320312,1.456212760542362,2265,1,18.0,0.5409457379137166,2.4909863471984863,1.4947053055442727,1946,1
19.0,0.5004043453664053,2.3890538215637207,1.4932912957429971,1798,1,17.0,0.5790141556062736,2.6534411907196045,1.6219127968515707,2061,1
17.0,0.4843666066299192,2.449949026107788,1.5045751444332691,1951,1,15.0,0.6146144886733964,2.6159777641296387,1.6374057439461012,1962,1
20.0,0.3674453892163001,2.466026306152344,1.5954929429461906,1667,1,18.0,0.5141797324758954,2.3634719848632812,1.5068166252318522,1894,1
21.0,0.3610402584890835,2.301503896713257,1.5018689855566143,1709,1,20.0,0.4658926418342162,2.4672176837921143,1.4987998360356518,1855,1
13.0,0.4798204282415099,2.402949810028076,1.4387883169615423,2267,1,16.0,0.538656004529912,2.552036762237549,1.5531223751448648,2121,1
16.0,0.4447544518334325,2.298988342285156,1.4546295089381065,1955,1,19.0,0.4291833271854557,2.5339815616607666,1.5844977048484854,1722,1
17.0,0.4058536989614367,2.5269668102264404,1.5525814517055836,1867,1,20.0,0.4421807191683911,2.45914626121521,1.5083080421763884,1838,1
19.0,0.3691614099952858,2.507274627685547,1.5845447146486578,1716,1,16.0,0.5240364692290314,2.4765613079071045,1.5376239660344801,2033,1
20.0,0.3319382951303851,2.407553672790528,1.5939205349232095,1684,1,19.0,0.4420849901798647,2.607060432434082,1.5769699306677658,1760,1
14.0,0.4653902724094223,2.4588165283203125,1.4624905552013667,2183,1,20.0,0.43360760834184475,2.319004535675049,1.5030086636095263,1750,1
17.0,0.3981704968900885,2.383657455444336,1.5050907891614154,1991,1,18.0,0.4448946914053522,2.595191478729248,1.5393789619252485,1913,1
17.0,0.3667021966830361,2.444053173065185,1.5736504211261657,1909,1,16.0,0.5370483038714156,2.4034533500671387,1.4969577008841441,2078,1
14.0,0.3747116485028527,2.487023115158081,1.5423319598946166,1954,1,16.0,0.5666999981040135,2.5803680419921875,1.5877443498643409,2014,1
19.0,0.3832827157457359,2.4631855487823486,1.549653548843625,1867,1,15.0,0.6291581051191315,2.590034008026123,1.5931078343957623,1940,1
15.0,0.4130710721656214,2.454889297485352,1.5225610585641307,2093,1,19.0,0.6039089117548428,2.5618534088134766,1.5146101245645605,1782,1
21.0,0.3106871667841915,2.372386693954468,1.5599249169637377,1631,1,17.0,0.7525068362010643,3.1074209213256836,1.5030310570383578,1999,1
13.0,0.4249692559824325,2.6388509273529053,1.47083456741117,2184,1,12.0,0.8815509958658367,2.5579833984375,1.4488677344406637,2426,1
16.0,0.4302681305853184,2.5239081382751465,1.53291828915816,2127,1,19.0,0.7302504807594232,2.4226396083831787,1.450917792429806,1974,1
12.0,0.581756654108176,2.4633305072784424,1.4556278956630868,2545,1,18.0,0.6691007020999677,2.463869333267212,1.5203397666013498,1932,1
19.0,0.441908611333929,2.452366590499878,1.5720003777738898,1795,1,18.0,0.5618401259998791,2.43872332572937,1.5809738004506828,1814,1
13.0,0.5537520390062127,2.457036018371582,1.3320172659677982,2544,1,13.0,0.8601747753564268,2.5908336639404297,1.56771450666412,2094,1
16.0,0.5308070185419638,2.4391746520996094,1.527146817079879,2129,1,18.0,0.8003041251795366,2.4723117351531982,1.4973466341576431,2077,1
18.0,0.4008711267961189,2.554627656936645,1.552291255302467,1888,1,18.0,0.7442788606858812,2.5757622718811035,1.5521665335347716,1988,1
17.0,0.5181127413816284,2.487367630004883,1.4490907766011152,2273,1,18.0,0.7880505168577656,2.4974374771118164,1.5204166471723808,1902,1
20.0,0.3516186091001145,2.578791618347168,1.59943651634193,1692,1,17.0,0.7567812389461324,2.4549593925476074,1.5546499658326987,2001,1
14.0,0.4802090134180616,2.4757421016693115,1.4114440106214117,2300,1,18.0,0.6641067278687842,2.381394386291504,1.4502245591595562,1840,1
15.0,0.471545353269903,2.6182572841644287,1.485967686760301,2177,1,18.0,0.8348673757282086,2.426673173904419,1.5429076471038756,1947,1
19.0,0.409280573570868,2.4618537425994877,1.5581081160868755,1840,1,19.0,0.6207806149614044,2.5390617847442627,1.5603643100803357,1750,1
16.0,0.4874547531362623,2.4893429279327397,1.5332420602175607,2042,1,18.0,0.6419367791386321,2.56207013130188,1.5438947482066638,1832,1
10.0,0.6349129035079386,2.431485176086426,1.4339166778287034,2649,1,19.0,0.5599516077782027,2.4769344329833984,1.5878379936105347,1762,1
19.0,0.4806091292120982,2.428305149078369,1.5379912526916113,1930,1,16.0,0.598689267761074,2.491257905960083,1.5591136191457293,1962,1
17.0,0.4212110699154436,2.4555530548095703,1.581877280089328,1878,1,18.0,0.6055051762377843,2.550323247909546,1.6358407248207667,1852,1
19.0,0.3784051217080559,2.4330930709838867,1.5567258598678018,1746,1,16.0,0.6591251987265423,3.0930700302124023,1.5614244015581007,2023,1
19.0,0.3711545509868301,2.356619358062744,1.5107273311486091,1921,1,15.0,0.8917065668501891,2.6033098697662354,1.5213388178875773,2280,1
19.0,0.3802294355700724,2.4691860675811768,1.4937780251946828,2014,1,15.0,0.8498309188871644,2.7509963512420654,1.6160716780973894,2098,1
20.0,0.3264945305709261,2.406243801116944,1.5806269004217433,1702,1,19.0,0.5489431152818725,2.4927051067352295,1.5162334271130096,1762,1
16.0,0.3777779722877312,2.5196454524993896,1.5675404825148844,1935,1,20.0,0.4879541022819467,2.6114227771759033,1.612398192522157,1732,1
16.0,0.3865295137802604,2.464864730834961,1.512972602243552,2023,1,19.0,0.48127411131281406,2.483795642852783,1.5107063070053883,1794,1
18.0,0.4154173432616517,2.462604522705078,1.4682902758183765,1962,1,19.0,0.5474107304471545,2.6775949001312256,1.5940035676321818,1844,1
19.0,0.3956277341640088,2.4687039852142334,1.5552025453256235,1739,1,18.0,0.48522464762208983,2.4813451766967773,1.5179088418041375,1902,1
19.0,0.3913870785909239,2.4060966968536377,1.496912390603518,1944,1,17.0,0.5127107093576342,2.390716791152954,1.522516253164839,2000,1
19.0,0.3467412478057667,2.383594036102295,1.519256933846657,1785,1,16.0,0.5174074148526415,2.421961545944214,1.4766887742734376,2077,1
15.0,0.4085410448315087,2.4101450443267822,1.407655477703827,2271,1,19.0,0.4957340908003971,2.4365696907043457,1.5510243099195509,1862,1
20.0,0.2999220019264612,2.335512161254883,1.5205216106084298,1708,1,14.0,0.7347017080173828,2.711050271987915,1.5392103259600258,2457,1
10.0,0.5526633654662874,2.367286443710327,1.3135092869883631,2764,1,18.0,0.5264697543461807,2.377819776535034,1.515017558596585,1862,1
20.0,0.3523253604362253,2.3177075386047363,1.5328743285640969,1702,1,14.0,0.7248981544980779,2.606522798538208,1.4655727468685453,2294,1
16.0,0.3759979125461541,2.3635847568511963,1.4858870220674527,1950,1,18.0,0.6333602123195305,2.4925901889801025,1.531221605545961,1948,1
21.0,0.3577376761240884,2.350981950759888,1.4793727356059507,1747,1,19.0,0.6107133186305873,2.4028985500335693,1.5220006322637714,1831,1
18.0,0.41469215680263,2.4559600353240967,1.3955506749400692,2167,1,19.0,0.5708335236413404,2.467305898666382,1.5579595996397013,1884,1
19.0,0.3659891675633844,2.4904205799102783,1.554234761446445,1759,1,21.0,0.3974840704468079,2.3226757049560547,1.5129150373273919,1639,1
18.0,0.3973703919618856,2.596184730529785,1.534251506358629,1945,1,20.0,0.4065323914110195,2.395275592803955,1.5381301390279376,1749,1
19.0,0.3546213033259846,2.362863540649414,1.493396388387054,1833,1,17.0,0.4623337322846055,2.517300844192505,1.6014934844231326,1842,1
18.0,0.3491047416173387,2.4855074882507324,1.5084005326495726,1930,1,16.0,0.44836596003733575,2.3931844234466553,1.5040216538760522,1991,1
16.0,0.3719194962468464,2.449486017227173,1.4424883371035628,2148,1,19.0,0.3998264562978875,2.5156302452087402,1.5746411711267487,1769,1
19.0,0.2755591649765847,2.364025831222534,1.5447436178142484,1735,1,19.0,0.38525269221281633,2.511277675628662,1.5761504680005696,1786,1
16.0,0.3537814788578544,2.3395962715148926,1.423157831550936,2103,1,19.0,0.40403580546262674,2.4317352771759033,1.5429671561832716,1848,1
15.0,0.371751584490994,2.352351188659668,1.4676960276199529,2110,1,12.0,0.5757626045669895,2.687683582305908,1.4610956688302033,2240,1
18.0,0.3680199375667143,2.39589262008667,1.4443387537329178,2092,1,21.0,0.41327839920995757,2.3723154067993164,1.5044209969081122,1671,1
18.0,0.3406317922781454,2.360837936401367,1.491135398372496,1851,1,18.0,0.4283584209624678,2.529985189437866,1.5607359757774135,1976,1
19.0,0.3337956431496423,2.459258317947388,1.4769726246889716,1867,1,17.0,0.3848065711790696,2.5710222721099854,1.6509471374538245,1833,1
17.0,0.3992593760776799,2.5392560958862305,1.4634164833597834,2131,1,16.0,0.422663084929809,2.5279147624969482,1.4989342053224717,2065,1
16.0,0.4461121703498065,2.393242359161377,1.4146900175717991,2238,1,15.0,0.41644473336054944,2.4012844562530518,1.4700335323860931,2043,1
19.0,0.3397064332093578,2.3418643474578857,1.4784632870639385,1787,1,18.0,0.4150483825360425,2.426562786102295,1.5868451294296007,1811,1
13.0,0.4071013854118064,2.421588897705078,1.4312215413587923,2163,1,19.0,0.34137457102769986,2.4159348011016846,1.5407311125764438,1741,1
15.0,0.4315656663384288,2.3849377632141118,1.442153186224462,2156,1,16.0,0.5250285685178824,2.39420485496521,1.4252798279799592,2252,1
18.0,0.4355967199080623,2.373221635818481,1.5021108291968617,1991,1,17.0,0.5613893302215729,2.4665462970733643,1.537190479644143,1975,1
21.0,0.3442273190594278,2.378801822662353,1.5273755320208322,1648,1,19.0,0.5019742790900636,2.2669293880462646,1.4023752981183024,1864,1
20.0,0.3481107599509414,2.377450466156006,1.5481266889199252,1745,1,19.0,0.4555912103387527,2.2871501445770264,1.434389126071363,1830,1
19.0,0.3549523790425155,2.396913766860962,1.488752709855741,1866,1,17.0,0.5477494600927457,2.5256266593933105,1.5662328274232007,1960,1
12.0,0.5130106833821628,2.455397605895996,1.4622179290356156,2453,1,21.0,0.37430873687844723,2.2854151725769043,1.4693050474577136,1638,1
18.0,0.4192284057207871,2.4161245822906494,1.529022151409028,1942,1,20.0,0.33205012636608444,2.400343656539917,1.5541691711444505,1671,1
18.0,0.4002810453093843,2.485386848449707,1.4221024770496116,2010,1,20.0,0.32345583956339397,2.350846529006958,1.5127662109677915,1711,1
16.0,0.4083376245980616,2.455000877380371,1.5233531297189873,2029,1,19.0,0.34822639051708393,2.4188272953033447,1.5047597216723028,1827,1
18.0,0.3879512753919698,2.529501676559448,1.4465026412157158,1910,1,16.0,0.5456896703399252,2.5804495811462402,1.5489455230567455,2117,1
16.0,0.4426869017479475,2.497565269470215,1.5540259526251952,2028,1,18.0,0.42380695408792235,2.4167604446411133,1.5334906794601741,1879,1
19.0,0.3791328347288072,2.4059293270111084,1.541522881512471,1760,1,17.0,0.45254793216008693,2.4946045875549316,1.5317642629671744,1918,1
13.0,0.4968408797285519,2.4697928428649902,1.505524227751362,2246,1,20.0,0.3900610972486902,2.2673137187957764,1.423635246521376,1758,1
20.0,0.3716453143279068,2.497180938720703,1.5956858510668648,1700,1,18.0,0.583685820660321,2.5065910816192627,1.575043339178045,2040,1
15.0,0.4128595698566641,2.7005953788757324,1.5450175034410754,2069,1,19.0,0.52534748474136,2.435360908508301,1.4436377274887495,1953,1
20.0,0.3773533104977105,2.509709358215332,1.5832126496184489,1679,1,17.0,0.48917996263480745,2.4520633220672607,1.4698855056886573,1968,1
19.0,0.3581837547535542,2.570987701416016,1.574962904989082,1779,1,19.0,0.448573854053393,2.4152050018310547,1.5203227969829405,1793,1
11.0,0.527168906701263,2.568923234939575,1.5076378462799234,2386,1,19.0,0.44234350134502165,2.3862907886505127,1.4851829808021635,1869,1
18.0,0.4507504822395276,2.4158997535705566,1.4944983305005777,1953,1,20.0,0.35910144532681443,2.3772287368774414,1.469581070798682,1699,1
18.0,0.511882624035934,2.454885959625244,1.5644539636707295,1849,1,20.0,0.3914957214728929,2.3324079513549805,1.5006264163082954,1768,1
16.0,0.5452037215582095,2.3838651180267334,1.5039016017451512,2049,1,13.0,0.6982346457079984,2.5361738204956055,1.5573666529069121,2528,1
18.0,0.4861628457147162,2.3608784675598145,1.471926438402288,1902,1,14.0,0.6330178875941783,2.747746467590332,1.5159014112142513,2313,1
18.0,0.47195906721754,2.4430885314941406,1.558259851052888,1970,1,20.0,0.4359119721921161,2.2944090366363525,1.504454983068029,1750,1
17.0,0.4300982112763449,2.4207863807678223,1.527747086535054,2031,1,21.0,0.3720545585092623,2.2339329719543457,1.442310028365731,1670,1
20.0,0.3552497274067718,2.395000457763672,1.5801145033734312,1718,1,18.0,0.44890333159128204,2.406801223754883,1.5206587183574507,1948,1
18.0,0.3542867484211456,2.413475751876831,1.5753876801707989,1859,1,20.0,0.3997199008590542,2.281543731689453,1.5000624072541604,1840,1
16.0,0.4490132695646025,2.403266906738281,1.514035697115162,2100,1,16.0,0.48011578418663703,2.5304629802703857,1.5961502247625818,2007,1
19.0,0.3513578879355918,2.508441686630249,1.5723561722059454,1875,1,18.0,0.3991086360765621,2.433016538619995,1.4570605610000293,1922,1
18.0,0.3257760700216749,2.492230176925659,1.594206499658156,1780,1,12.0,0.649774899793556,2.632946252822876,1.5178226683651046,2358,1
20.0,0.2979831982520409,2.427275419235229,1.58898500651881,1743,1,19.0,0.4711192299728282,2.4035744667053223,1.540647630616228,1779,1
18.0,0.3233931393770035,2.3498363494873047,1.5613534488438214,1793,1,20.0,0.3569082173053175,2.459444522857666,1.571078935131765,1673,1
21.0,0.2719236914708745,2.336132764816284,1.5723299070622223,1626,1,19.0,0.3796349359326996,2.4193294048309326,1.5336122972396784,1847,1
19.0,0.2967988321615848,2.4152510166168213,1.5458126005961246,1803,1,20.0,0.3100624100479763,2.2004213333129883,1.3803476713912108,1762,1
10.0,0.4884408534417161,2.676872968673706,1.48044555253486,2634,1,12.0,0.5189957831753418,2.673431396484375,1.482097701071677,2245,1
20.0,0.3180232701124623,2.566403150558472,1.6014087553091865,1697,1,18.0,0.5014017128269188,2.390988349914551,1.5371202684867609,1880,1
19.0,0.2799943011777941,2.4427058696746826,1.4854861625816926,1797,1,18.0,0.4952309518121183,2.4550092220306396,1.4702453698729705,1949,1
18.0,0.3458883957209764,2.5702908039093018,1.54577243936305,2023,1,15.0,0.4844591904547997,2.494019031524658,1.5374511160134774,2006,1
19.0,0.2913153517001774,2.4307310581207275,1.530179246477151,1846,1,18.0,0.4213907662197016,2.421466112136841,1.5116269803836202,1890,1
19.0,0.2796927042509196,2.309934616088867,1.4757493405628062,1858,1,16.0,0.5180746190890204,2.376305341720581,1.4395619547705323,2133,1
11.0,0.3796610478457296,2.427683115005493,1.4850009754265967,2310,1,16.0,0.4801786179887131,2.4318809509277344,1.5670479831377881,1903,1
19.0,0.3776172873040195,2.3852052688598637,1.5337606679507003,1829,1,19.0,0.42434651718940586,2.2730884552001953,1.4591031520496818,1863,1
18.0,0.4020611227315385,2.462593078613281,1.5395539943382242,2017,1,21.0,0.33304256660630926,2.2718753814697266,1.4358244302935483,1638,1
18.0,0.3305927304027136,2.424565076828003,1.555604016698024,1869,1,17.0,0.4789730499032885,2.462657928466797,1.5583195212409713,1917,1
16.0,0.4237568326643668,2.399502277374268,1.5329589158205896,2170,1,16.0,0.5391721627966035,2.5374717712402344,1.4048274082870313,1988,1
19.0,0.3752717517490964,2.434412956237793,1.5371292143084438,1839,1,15.0,0.6071434307086747,2.5606067180633545,1.4812756518125854,2058,1
19.0,0.3634931647393387,2.516704559326172,1.5186113760591158,1892,1,13.0,0.7544338746229187,2.572889566421509,1.4883787983618395,2465,1
19.0,0.3384090866602491,2.453812599182129,1.5263838131796312,1763,1,19.0,0.5121682877652347,2.30706787109375,1.4772084353961483,1779,1
17.0,0.394147596322,2.441540241241455,1.505917981056485,1975,1,15.0,0.5970686500659212,2.4546804428100586,1.4707232604953326,2319,1
18.0,0.3640316891833208,2.4352118968963623,1.5188923598258606,1947,1,20.0,0.4501271910266951,2.3687148094177246,1.4894753085391828,1783,1
16.0,0.4211308428784832,2.347122430801392,1.397921130179769,2280,1,18.0,0.4795932461274788,2.40226411819458,1.4335363506944538,1932,1
18.0,0.3694716562022222,2.330819129943848,1.5154285504973757,1856,1,20.0,0.36303662820137106,2.3651444911956787,1.5134819336464078,1707,1
20.0,0.3309709219320211,2.3694748878479004,1.435357919218616,1848,1,19.0,0.3880355751316529,2.3805973529815674,1.454956487195761,1900,1
