vanilla_reward,vanilla_loss,vanilla_max_q_value,vanilla_avg_q_value,vanilla_steps,vanilla_clipped_reward,double_reward,double_loss,double_max_q_value,double_avg_q_value,double_steps,double_clipped_reward
-21.0,2.3537673669634387,0.03887440264225,0.0198127653449773,814,-1,-2.0,0.13018996268510818,-inf,0.0,46,-1
-20.0,2.5621101810975238,0.0314277485013008,0.0123092972983916,916,-1,-21.0,2.184264640076435,0.01622096821665764,-0.014710985744992891,837,-1
-21.0,2.5648213296444737,0.0255206506699323,0.005057361559011,821,-1,-20.0,2.5257775362188113,0.019325710833072662,-0.008003006677608938,916,-1
-21.0,2.4098040281096478,0.0162328351289033,-0.0058932537973305,851,-1,-20.0,2.61209726567904,0.0016855746507644653,-0.023802857566624883,899,-1
-21.0,2.3988769141142257,-0.0016318964771926,-0.0182895239442586,840,-1,-21.0,2.889246040111175,-0.02223101817071438,-0.04355082877500114,969,-1
-21.0,2.4718475431509432,-0.0241297706961631,-0.0397056521475315,821,-1,-21.0,2.2666637197544333,-0.024667654186487198,-0.05014405902475119,808,-1
-18.0,2.948776212608209,-0.0127328149974346,-0.057038986507584,1029,-1,-20.0,2.943937797077524,-0.03513656184077263,-0.07018000500069722,1039,-1
-20.0,2.462376722600311,0.0082210432738065,-0.0692993871348559,955,-1,-20.0,2.785019474729779,-0.06792756915092468,-0.09038358340497873,900,-1
-21.0,1.1691349576576613,0.0410577543079853,-0.0831299537641109,780,-1,-21.0,2.8218385010768543,-0.07813312858343124,-0.10065695500537136,999,-1
-20.0,0.8119900116580538,0.1058716252446174,-0.0786526093414674,867,-1,-20.0,2.389700136540341,-0.09106388688087463,-0.11648798704539474,914,-1
-20.0,0.6402664537308738,0.13054259121418,-0.0835505239645499,899,-1,-21.0,2.3755626615675283,-0.09630978107452393,-0.14615814345223554,849,-1
-21.0,0.48803061718354,0.1403488367795944,-0.1353499153756275,821,-1,-21.0,2.0412804830120876,-0.08106674998998642,-0.15016371932708564,795,-1
-19.0,0.7283403576584533,0.1445896625518798,-0.1074215994391124,1144,-1,-21.0,1.5420726687880233,-0.07770699262619019,-0.16878501943543428,975,-1
-21.0,0.5104018124984577,0.2444666773080825,-0.0834478567385196,761,-1,-20.0,1.0246630483015906,-0.07101824879646301,-0.17909861756588824,900,-1
-19.0,0.6660902403527871,0.2527187168598175,-0.0722340173050651,946,-1,-21.0,0.6193840025225654,-0.07330761849880219,-0.22340440958045246,761,-1
-21.0,0.6237922724685632,0.1997846364974975,-0.1701233472642128,883,-1,-21.0,0.6028974926593946,-0.0779954195022583,-0.2358123786174334,780,-1
-20.0,0.6345563055947423,0.1839897632598877,-0.1463335407877477,927,-1,-20.0,0.6862631471012719,-0.057470500469207764,-0.23730661232462694,867,-1
-20.0,0.7489063465036452,0.2385263890028,-0.1553869268196936,955,-1,-19.0,0.8747759860707447,-0.06742174178361893,-0.21529698454671428,1073,-1
-20.0,0.7002741232281551,0.1847428828477859,-0.1650059501524083,899,-1,-19.0,0.8396034212782979,-0.07126037031412125,-0.24538328878072485,1066,-1
-20.0,0.7792167938896455,0.2422540932893753,-0.1697233114833648,976,-1,-21.0,0.5731321178609505,-0.08817660808563232,-0.2991135292896281,761,-1
-19.0,0.8079296493087895,0.2467370778322219,-0.1329251874887394,1041,-1,-19.0,0.9305858022999018,-0.0895281434059143,-0.2830906990760315,1091,-1
-20.0,0.6602439635898918,0.1728733479976654,-0.2070756505481195,839,-1,-19.0,1.0706672415835783,-0.08755624294281006,-0.27654957697533133,1162,-1
-20.0,0.7703570894664153,0.2127787470817566,-0.2061449190301121,962,-1,-21.0,0.6670007535722107,-0.0929110050201416,-0.3375429152624637,874,-1
-19.0,0.7413783012889326,0.2943780720233917,-0.2241612672793846,974,-1,-20.0,0.750719838833902,-0.08491020649671555,-0.366829750669557,927,-1
-21.0,0.5985092929331586,0.1969973742961883,-0.2136062608026948,869,-1,-20.0,0.8449523103772663,-0.07369638234376907,-0.39028455032145276,974,-1
-19.0,0.7144576090504415,0.2642805874347687,-0.204193523910628,945,-1,-20.0,0.6754402223741636,-0.07787571102380753,-0.3652065330277687,918,-1
-21.0,0.7692782515077852,0.3039655983448028,-0.163707136310627,987,-1,-21.0,0.6043544398853555,-0.09720094501972198,-0.4293532972146013,821,-1
-19.0,0.9245360167114997,0.2667329013347626,-0.1957765657054153,1057,-1,-19.0,0.7252723198616877,-0.07135958969593048,-0.4042905828257871,945,-1
-20.0,0.9592780533712356,0.3140153586864471,-0.2439349068389476,927,-1,-19.0,0.8418378481292166,-0.0650518387556076,-0.3757266650838372,1158,-1
-21.0,1.0090549981687218,0.2627524733543396,-0.2421346134856488,868,-1,-20.0,0.6276877644122578,-0.01339370384812355,-0.43660951481854676,946,-1
-21.0,1.1269923779182136,0.262995183467865,-0.2698135069041159,849,-1,-20.0,0.6193521227687597,-0.05730046331882477,-0.5093987378430495,840,-1
-21.0,1.2818244037916884,0.2857075929641723,-0.2442939874799021,978,-1,-21.0,0.6176313440664671,-0.04794520512223244,-0.482290279746306,823,-1
-20.0,1.0532207606593147,0.2265761494636535,-0.3013900564879967,900,-1,-21.0,0.7359231187729165,-0.052095361053943634,-0.4956622296571731,881,-1
-19.0,1.169442902551964,0.2274273037910461,-0.2667428652508329,1014,-1,-20.0,0.7657830282114446,-0.05082690715789795,-0.4992365086673464,839,-1
-21.0,0.765485594747588,0.1946019530296325,-0.372571298186749,779,-1,-19.0,0.9773666968103498,-0.040247928351163864,-0.48702794735719995,1022,-1
-21.0,0.8042178743053228,0.2405010610818863,-0.3169784499223169,849,-1,-19.0,0.954694279236719,-0.04086023569107056,-0.5086741853951358,953,-1
-19.0,0.958862220402807,0.3102041482925415,-0.2810622293964567,1140,-1,-21.0,0.7697456488385797,-0.09152147173881531,-0.5758695714643313,761,-1
-21.0,0.614642804604955,0.2503310143947601,-0.3832538244333496,761,-1,-20.0,0.9095191806554794,-0.001473214477300644,-0.5105570678010971,961,-1
-21.0,0.667888225056231,0.2684580683708191,-0.3849656007080163,789,-1,-21.0,0.7707894431659952,0.030894599854946136,-0.5618585336588973,808,-1
-20.0,0.6588264176389202,0.2766377627849579,-0.3132912222101836,867,-1,-20.0,0.8197021092055365,0.010099273175001144,-0.5476242990586264,864,-1
-17.0,0.8620741266058758,0.3416597247123718,-0.2876777033113675,1178,-1,-19.0,1.012962456094101,-0.016798444092273712,-0.5252868005563323,1099,-1
-21.0,0.735027626156807,0.2675265371799469,-0.3630819392354262,998,-1,-19.0,0.8458527707261965,-0.031141916289925575,-0.5623977026083024,963,-1
-18.0,0.8179574166424572,0.2066834270954132,-0.3734835184298646,1072,-1,-20.0,0.7189828401897103,-0.04593801870942116,-0.6019976729587917,839,-1
-20.0,0.7402432117378339,0.2397803515195846,-0.3996093099500051,927,-1,-18.0,0.9593621008098125,-0.04196707531809807,-0.531315443548605,1113,-1
-20.0,0.6956871302099898,0.1965898722410202,-0.4082128190446145,886,-1,-21.0,0.9251011852174997,-0.04370978847146034,-0.6235129725662808,1016,-1
-20.0,0.675346257747151,0.3325522840023041,-0.4526039478956255,868,-1,-20.0,0.7408929396187887,0.005064874887466431,-0.6659793411340088,867,-1
-20.0,0.6720727968495339,0.2326989769935608,-0.4041935214412639,868,-1,-21.0,0.6233474853215739,-0.1029537171125412,-0.7119349617194508,780,-1
-20.0,0.8048219344345853,0.3305325210094452,-0.4041561987008629,1000,-1,-20.0,0.7489466416882351,-0.09377803653478622,-0.6625206719291694,1041,-1
-20.0,0.8072265996597707,0.3280671238899231,-0.4620718074718472,966,-1,-20.0,0.6612405250198208,-0.12215088307857513,-0.6731035998831052,899,-1
-21.0,0.6871582443127409,0.1664032489061355,-0.4785554960395933,877,-1,-20.0,0.6940302571747452,-0.11239670217037201,-0.6986211312706674,899,-1
-20.0,0.7098152503604069,0.2677001953125,-0.4848527308277157,897,-1,-20.0,0.7719252587994561,-0.027895303443074226,-0.6292758876513995,1044,-1
-21.0,0.6223722719587386,0.1630343794822693,-0.4890869371580612,817,-1,-20.0,0.5685832602903247,-0.12508778274059296,-0.7668602814922082,839,-1
-19.0,0.7840618037735112,0.1792113780975341,-0.4674173507190768,1039,-1,-20.0,0.5686310827732086,-0.13944023847579956,-0.7418772260693308,839,-1
-20.0,0.8654744046507403,0.2850843369960785,-0.4154280181697197,1167,-1,-19.0,0.6963744384702295,-0.13978689908981323,-0.71264161295082,1018,-1
-21.0,0.7690499861491844,0.1774963438510894,-0.4933087623497111,1005,-1,-20.0,0.5545070062507875,-0.14262190461158752,-0.8141583907768953,839,-1
-19.0,0.8175792073598132,0.1778855323791504,-0.5186206740299624,1005,-1,-18.0,0.910825262137223,-0.09754844009876251,-0.6925164352566818,1252,-1
-21.0,0.7361523552681319,0.160029724240303,-0.5143208151006233,946,-1,-21.0,0.678519504959695,-0.1199575886130333,-0.7500658744425918,882,-1
-21.0,0.632550923153758,0.1229922622442245,-0.5704276526339803,780,-1,-21.0,0.778828529000748,-0.11838489025831223,-0.7439777333587686,1034,-1
-21.0,0.6628171829506755,0.0657040923833847,-0.5824718475500543,807,-1,-21.0,0.6665915192570537,-0.13675102591514587,-0.7922680467436003,859,-1
-18.0,0.8898855270817876,0.058410532772541,-0.5153041566600696,1186,-1,-21.0,0.6453697244869545,-0.1492680460214615,-0.7882355408957941,821,-1
-21.0,0.6405910209286958,0.1660059839487075,-0.6445743094268095,827,-1,-20.0,0.7918755158316344,-0.010937977582216263,-0.7647655325950612,988,-1
-21.0,0.6800751249538735,0.0802216008305549,-0.6184231625055946,883,-1,-20.0,0.7038434691494331,-0.15509642660617828,-0.7705372103803,899,-1
-21.0,0.8338689032243565,0.0188704244792461,-0.5980020599233157,1043,-1,-19.0,0.9489922121865675,0.01322956383228302,-0.7009572638205896,1225,-1
-21.0,0.7508168015629053,0.0219385884702205,-0.6081090417758391,947,-1,-20.0,0.6729589882306755,-0.14517322182655334,-0.8029104306855621,868,-1
-18.0,0.860605469730217,0.3071439862251282,-0.539789801553794,1152,-1,-20.0,0.7509385365992785,-0.03127077594399452,-0.7267277676240986,975,-1
-21.0,0.693849511560984,0.1280414462089538,-0.6111149593996693,956,-1,-21.0,0.7515899041900411,-0.011185097508132458,-0.695690515765062,943,-1
-20.0,0.797864334541373,0.0390707850456237,-0.5857813935178127,1020,-1,-21.0,0.6288913725875318,-0.17050223052501678,-0.8485791844960239,780,-1
-21.0,0.6012448843102902,0.0497636385262012,-0.617125413288743,819,-1,-21.0,0.6518051321618259,-0.12384471297264099,-0.8397037024532656,780,-1
-21.0,0.8604665290331468,0.0012222900986671,-0.5798692514693593,1101,-1,-21.0,0.7219202492851764,-0.08398963510990143,-0.8225354902679092,854,-1
-20.0,0.7689978936687112,0.1511555314064026,-0.5851576267803494,928,-1,-19.0,0.8515111370943487,0.0019879061728715897,-0.7545930096464021,1040,-1
-21.0,0.7118435582378879,0.0005105528980493,-0.6135252549144131,899,-1,-21.0,0.7064748125849292,0.08364832401275635,-0.788330173158708,836,-1
-20.0,1.0090749050723389,0.05123021453619,-0.5669366564656909,1145,-1,-21.0,0.5915324417874217,-0.1476951390504837,-0.8663469806005989,840,-1
-18.0,0.8731624882202595,0.0235686972737312,-0.5480634806075728,1035,-1,-18.0,0.9007720565423369,-0.11952902376651764,-0.758937972966592,1142,-1
-21.0,0.7220064768334851,0.0323496535420417,-0.6163552422205814,868,-1,-21.0,0.7383051865035668,0.08210431784391403,-0.847871991411775,896,-1
-17.0,1.1348951193504035,0.0742069780826568,-0.5135893613047954,1287,-1,-21.0,0.7895374699728563,-0.10052047669887543,-0.8482012534309701,963,-1
-17.0,1.1564516585785896,0.4414001703262329,-0.4901545415109181,1405,-1,-21.0,0.7386928203050047,0.01875518448650837,-0.8079423992735069,928,-1
-18.0,1.2794311925536022,0.0545719936490058,-0.5067212788657328,1574,-1,-20.0,0.6957512961234897,0.03438109904527664,-0.8928837427866214,868,-1
-19.0,0.8723103943048045,0.1275937408208847,-0.5421714486023811,1086,-1,-20.0,0.7385267220670357,-0.0693913996219635,-0.8196866864782293,946,-1
-20.0,0.8357734649907798,0.110037513077259,-0.5451017712823787,1075,-1,-20.0,0.8337958129122853,-0.08631554245948792,-0.8293047079368208,976,-1
-21.0,0.9811448382679372,0.1026451140642166,-0.5326180314357529,1265,-1,-21.0,0.9125414007576182,0.09275665134191513,-0.766776804887048,1081,-1
-20.0,0.976325117633678,0.0636879876255989,-0.5330471342331207,1241,-1,-19.0,1.0150502690812573,0.22865571081638336,-0.7448660978127892,1111,-1
-21.0,1.1384261390194297,0.0683171823620796,-0.5055642172897962,1422,-1,-20.0,0.8981336196884513,-0.1355796456336975,-0.837600812402828,946,-1
-19.0,1.1477094241417944,0.0675021409988403,-0.4826294286150177,1376,-1,-21.0,0.9048820631578565,-0.0072805006057024,-0.8226142587251805,955,-1
-20.0,1.018166621448472,0.1039501950144767,-0.5218727735887287,1193,-1,-17.0,1.2830619354499504,0.0047148242592811584,-0.8011573652336608,1354,-1
-18.0,1.1525955252582207,0.079544298350811,-0.500996347285853,1394,-1,-21.0,0.882073026150465,-0.07537511736154556,-0.857146972019336,957,-1
-17.0,1.2295037257717922,0.1504008471965789,-0.4372815807172722,1442,-1,-21.0,0.8054618889000267,-0.20132066309452057,-0.8591693555401541,991,-1
-17.0,1.5197773954132572,0.6010787487030029,-0.4469474284782076,1794,-1,-20.0,0.9232021116185933,0.017911607399582863,-0.8680124809471896,1128,-1
-19.0,1.2316497365245596,0.1503452956676483,-0.4742254569027141,1466,-1,-20.0,1.094672476989217,-0.035683274269104004,-0.799815382053373,1274,-1
-15.0,1.60776196164079,0.1817001104354858,-0.427600069656191,1796,-1,-21.0,1.1589007886359468,-0.07337873429059982,-0.7937405597392898,1292,-1
-18.0,1.0888915855903178,0.2323273122310638,-0.4775409778804612,1303,-1,-20.0,1.3409235164290294,-0.06717129796743393,-0.7644340517626937,1431,-1
-17.0,1.4353078027488664,0.2253371030092239,-0.4534583246788598,1611,-1,-19.0,1.065296340500936,-0.09259950369596481,-0.7756778152007788,1272,-1
-20.0,1.496816295897588,0.2467223703861236,-0.4586840234456917,1693,-1,-20.0,1.0228980163810775,-0.011600753292441368,-0.8071823450717847,1210,-1
-19.0,1.600160066736862,0.2111479640007019,-0.4678126215170387,1686,-1,-19.0,1.4753501894883811,-0.11725973337888718,-0.7428919197410666,1658,-1
-20.0,1.4438862169045024,0.3126922845840454,-0.4362696713376941,1598,-1,-20.0,1.3698306895093992,-0.01790035143494606,-0.7412730353982825,1459,-1
-20.0,1.4193718960741537,0.1810634434223175,-0.4314521223952164,1564,-1,-19.0,1.000576522317715,-0.17202523350715637,-0.8266057201701661,1039,-1
-21.0,1.457568472600542,0.1209774762392044,-0.4647612694725773,1640,-1,-21.0,1.2734098247019574,-0.1402873545885086,-0.7962693877163384,1348,-1
-19.0,1.432694546878338,0.4529019296169281,-0.4547174086693795,1580,-1,-19.0,1.559941136278212,0.0216079019010067,-0.7957424202040663,1574,-1
-17.0,1.125708928098902,0.4710812568664551,-0.4609008750179783,1336,-1,-20.0,1.4314105967059731,-0.15105794370174408,-0.7667042189316254,1471,-1
-18.0,1.5920747029595077,0.5137172341346741,-0.3967734459282734,1899,-1,-20.0,1.1649383422918618,-0.1510934829711914,-0.7596277453933412,1257,-1
-20.0,1.5071274721994996,0.4557164907455444,-0.4049557944881332,1868,-1,-21.0,0.7428621931467205,-0.07837323099374771,-0.7824454549424756,881,-1
-17.0,1.5802156518911945,0.5589795112609863,-0.3552607782273829,1900,-1,-15.0,1.7285787229193375,-0.14708051085472107,-0.7549241577155392,1905,-1
-21.0,1.2169130137190225,0.1637673676013946,-0.4128847065363702,1480,-1,-19.0,1.496032985742204,-0.04431084543466568,-0.7804127034329944,1573,-1
-18.0,1.4216810752404854,0.6875274181365967,-0.3242526713861671,1873,-1,-21.0,1.7726330807199702,-0.14138777554035187,-0.7987628655642751,1794,-1
-18.0,1.267483948264271,0.574419379234314,-0.3741590265331107,1737,-1,-19.0,1.463553620269522,-0.048947617411613464,-0.7446148610728346,1594,-1
-20.0,1.0980368158780038,0.9503522515296936,-0.3997729476626754,1534,-1,-19.0,1.3343698392855003,-0.11335038393735886,-0.7336063387842673,1399,-1
-17.0,1.1426996685331687,0.7694700360298157,-0.3663134573160232,1622,-1,-19.0,1.6247614842141047,-0.11235365271568298,-0.697402076426592,1829,-1
-17.0,1.1902939424617216,1.0062026977539062,-0.3558302136126643,1805,-1,-16.0,1.5128297589253634,-0.0526973120868206,-0.6714931728746184,1815,-1
-18.0,1.2547210319899025,0.5949634909629822,-0.3709117410042206,1897,-1,-19.0,1.68932438432239,-0.049819428473711014,-0.6610649314288618,1964,-1
-20.0,1.0921549831982702,0.5526191592216492,-0.36326471724803,1576,-1,-20.0,1.822643886320293,-0.016410227864980698,-0.6912801825097504,2067,-1
-14.0,1.4605484917992726,0.6739445924758911,-0.4020651337791052,2066,-1,-19.0,1.5402531012659892,-0.027833346277475357,-0.7081878854120373,1793,-1
-17.0,1.5123947352403777,0.8605983257293701,-0.4089795322734459,2097,-1,-20.0,1.3198623550124466,-0.04420527070760727,-0.7013630280771628,1618,-1
-20.0,1.1082739772973582,0.6199923753738403,-0.3980563193290823,1463,-1,-16.0,1.4473431576043367,0.03857477754354477,-0.660205376692242,1690,-1
-18.0,1.2259331627283243,1.020407795906067,-0.3654765498128725,1611,-1,-19.0,1.4434470939449966,-0.027882663533091545,-0.7166755397141791,1717,-1
-16.0,1.546286874334328,1.438755989074707,-0.3458700312992055,2114,-1,-19.0,1.1542592832120135,-0.02689153142273426,-0.719230593683628,1383,-1
-19.0,1.2911257586674765,0.8299052715301514,-0.3904664005266409,1847,-1,-17.0,1.573696840670891,0.11015628278255463,-0.6644829958830677,1824,-1
-18.0,1.3792941311839968,1.0385528802871704,-0.3631220609392391,1959,-1,-19.0,1.3836238024523482,-0.09734157472848892,-0.6767943585151964,1607,-1
-18.0,1.5380451085511595,1.3368840217590332,-0.3517525201760339,2053,-1,-19.0,1.3046884530922398,0.23566488921642303,-0.6832514369873325,1504,-1
-16.0,1.4013980955351144,1.0100862979888916,-0.370652411507498,1867,-1,-19.0,1.644129395019263,0.1398804783821106,-0.6649434741332955,1726,-1
-17.0,1.2775217747548595,1.210861086845398,-0.3607665253105195,1781,-1,-19.0,1.5000362610444427,0.08779758214950562,-0.6863717587002243,1622,-1
-17.0,1.2852679112693297,0.9392004609107972,-0.3573041521573299,1812,-1,-21.0,1.1198630630970001,-0.06349123269319534,-0.6715286759971146,1245,-1
-16.0,1.420605604769662,1.2541707754135132,-0.3279390778321731,1933,-1,-19.0,1.3389491793932393,0.3108699917793274,-0.6922323130706344,1543,-1
-13.0,1.6057968626264485,1.1363283395767212,-0.3290864725456972,2298,-1,-18.0,1.4257573265349492,0.13120301067829132,-0.6553594389721304,1643,-1
-20.0,1.1875849310308697,0.8541641235351562,-0.3791491611562875,1774,-1,-20.0,1.3802181167993695,0.015832845121622086,-0.6800392866976351,1611,-1
-19.0,1.3298827280523255,1.1165729761123655,-0.3447595060026614,1956,-1,-18.0,1.5917241794522852,0.15018126368522644,-0.6622683012944258,1894,-1
-20.0,1.1321301341522485,0.8102309107780457,-0.3618493211799089,1733,-1,-21.0,1.5707257988397032,-0.0992928221821785,-0.6256497524940426,1914,-1
-19.0,1.4689513022312894,0.923613667488098,-0.3585160082712001,2380,-1,-20.0,1.4784811866702512,-0.12540966272354126,-0.6623866797936707,1807,-1
-16.0,1.3515049428096972,0.875607967376709,-0.3420899990408287,2246,-1,-18.0,1.5088448553578928,0.54439777135849,-0.6404802256515904,1873,-1
-18.0,1.245038771594409,1.297282338142395,-0.3414286451299365,1976,-1,-19.0,1.2716603187145665,0.3753136098384857,-0.6702592480668739,1576,-1
-19.0,1.5477806241251528,0.8682891130447388,-0.3270291442006414,2284,-1,-20.0,1.2271687001921237,0.5143412947654724,-0.6847582799999349,1620,-1
-17.0,1.5721845120424405,1.4129215478897097,-0.2848359266132194,2349,-1,-20.0,1.2793803074164316,-0.06839628517627716,-0.6856200956576024,1680,-1
-17.0,1.3654867867007852,0.847858190536499,-0.2823799253528409,2079,-1,-19.0,1.2255625119432807,-0.06368587166070938,-0.6716736100358699,1754,-1
-16.0,1.4057615147903562,0.90327250957489,-0.2821711710160621,2042,-1,-20.0,0.9546975096454844,-0.15908031165599823,-0.6983627569511217,1557,-1
-15.0,1.5878939481917769,1.025430679321289,-0.2582717751092659,2444,-1,-19.0,1.0311815989552997,0.39003005623817444,-0.6790044256504165,1623,-1
-18.0,1.605924179777503,1.0112531185150146,-0.2357770285760596,2420,-1,-20.0,0.9435834920732304,-0.20455656945705414,-0.7271086992903167,1551,-1
-18.0,1.2996205557137728,1.0194679498672483,-0.1954268865998669,1956,-1,-20.0,1.2521141323959455,0.3566840589046478,-0.7137667578999068,1982,-1
-15.0,1.687038193747867,1.4846097230911257,-0.2257631075659492,2750,-1,-20.0,1.4902487355284393,-0.13527964055538177,-0.6987164819623201,2332,-1
-14.0,1.3930307414848355,0.8957817554473877,-0.1797550956012927,2291,-1,-17.0,1.2082320655463263,0.48250213265419006,-0.6841090713409314,2046,-1
-17.0,1.6492863449966535,1.0105280876159668,-0.1817784899867733,2650,-1,-19.0,1.0885000679991208,0.08700520545244217,-0.659060655283215,1863,-1
-18.0,1.5939961972180754,0.9898975491523744,-0.1740911483779617,2596,-1,-21.0,0.9769170343643054,-0.2486392855644226,-0.6743450020715136,1773,-1
-17.0,1.5811709490371868,1.5972850322723389,-0.1412764754936668,2533,-1,-20.0,0.9433896321570501,-0.15243512392044067,-0.6663725039371757,1765,-1
-18.0,1.3932551207835786,0.8337773084640503,-0.1668649808158919,2261,-1,-18.0,1.0602076794602908,0.19646646082401276,-0.6685449405045272,1968,-1
-16.0,1.7554246585350484,1.0698871612548828,-0.1637820662328515,2807,-1,-17.0,1.3008665140951052,0.40041521191596985,-0.6396981650753364,2257,-1
-19.0,1.450219571706839,1.0336815118789673,-0.1026834454816936,2284,-1,-14.0,1.4661132832989097,0.5333976745605469,-0.6308524763765079,2627,-1
-15.0,1.8865523552522063,1.21196448802948,-0.1138356513718844,3057,-1,-16.0,1.2810175162740052,0.5225643515586853,-0.5866887671481279,2239,-1
-13.0,1.6792597403982654,1.0664416551589966,-0.1294533458559358,2545,-1,-20.0,1.026088914310094,0.18502773344516754,-0.6177849852891518,1808,-1
-17.0,1.6632094722008333,1.1227893829345703,-0.0783522709461543,2642,-1,-21.0,1.159609874652233,-0.10744744539260864,-0.6286472974166464,2005,-1
-13.0,1.6957789247389885,1.2700855731964111,-0.0759131319166614,2709,-1,-21.0,0.9849432614282705,-0.11151821911334991,-0.6240442119655617,1752,-1
-16.0,1.7617916654562578,1.159515380859375,-0.0972185025118701,2804,-1,-19.0,1.0359556325129233,0.7455326318740845,-0.6018520156145764,1934,-1
-14.0,1.9748595159035176,1.167729139328003,-0.0713971685153893,3218,-1,-16.0,1.4394944103551097,0.4188089966773987,-0.5768841835839713,2602,-1
-14.0,1.7801625708234496,1.3341304063796997,-0.0300912559453768,3021,-1,-19.0,1.0039363919640891,0.699090301990509,-0.5511330263694453,1848,-1
-16.0,1.577306599938311,1.693125605583191,-0.0005190521072106,2564,-1,-20.0,1.0998100815922953,0.5475972294807434,-0.5378488886737091,2037,-1
-12.0,2.103680661763065,1.4187209606170654,-0.0047224746495465,3669,-1,-19.0,0.9810518286540173,0.7044352889060974,-0.5293004605511287,1892,-1
-21.0,1.5428516706451774,0.7649796009063721,-0.0567998353214167,2679,-1,-20.0,1.1220586646231823,0.23082035779953003,-0.5154345548893515,2132,-1
-9.0,2.036418122937903,1.5437581539154053,0.0140740800957844,3673,-1,-18.0,1.061600195011124,0.39283445477485657,-0.48903309162249003,1971,-1
-16.0,1.5686373457429,1.522464156150818,0.0103621980819312,2751,-1,-20.0,0.9787774332216941,0.6873669028282166,-0.5340013189219882,1826,-1
-16.0,1.5666397633613087,1.3737075328826904,0.0093065173699852,2773,-1,-21.0,1.212928767723497,-0.11011837422847748,-0.5654151033695369,2267,-1
-20.0,1.4953926377929747,1.0647107362747192,0.0148295479849458,2524,-1,-20.0,0.9306165746529587,0.18308308720588684,-0.5682776767636629,1801,-1
-13.0,1.7447785072145052,1.579908013343811,0.0541535567042948,2967,-1,-20.0,1.038217966852244,0.637258768081665,-0.5677314050251644,2086,-1
-12.0,1.7885981299332343,1.4633212089538574,0.0619537592183935,3130,-1,-18.0,1.1211704076849855,0.7352513074874878,-0.5413315712279575,2236,-1
-14.0,1.5789710002718491,1.481990933418274,0.0720209571179287,2675,-1,-19.0,0.980814516544342,-0.06789359450340271,-0.5497818940989009,1908,-1
-17.0,1.5486649526283145,1.378290057182312,0.0312618433405812,2586,-1,-17.0,0.9798151890863664,0.6313447952270508,-0.5515465611526174,2034,-1
-10.0,1.7676357382442802,1.5904885530471802,0.08899115668475,3054,-1,-9.0,1.4778872932656668,0.9838480949401855,-0.5164713507134747,2921,-1
-13.0,1.718627933121752,1.5842084884643557,0.0935708123799568,2562,-1,-18.0,1.1181266987114213,0.8487264513969421,-0.5182019200083271,2166,-1
-15.0,1.7350264166016132,1.4077599048614502,0.1219822174605508,2703,-1,-18.0,1.2784130562795326,0.9327883720397949,-0.5312968291938976,2496,-1
-8.0,2.3204525866312906,1.697239637374878,0.1534510151478471,3622,-1,-16.0,1.3248899634927511,0.9494010210037231,-0.5281811600063595,2406,-1
-10.0,1.8568706552614456,1.518049716949463,0.1598226203854733,2836,-1,-17.0,1.467796590703074,1.0873674154281616,-0.5343796498087608,2543,-1
-20.0,1.2550145495333709,1.2312034368515017,0.1358904829990044,1944,-1,-16.0,1.426221747417003,1.0341899394989014,-0.4774436693854424,2619,-1
-14.0,1.8517132707638664,1.5506656169891355,0.1753829821482316,2625,-1,-12.0,1.5271601617569104,1.0053426027297974,-0.4648369802713955,2722,-1
-10.0,2.4552861192496493,1.604838490486145,0.161841382706451,3606,-1,-17.0,1.4506179228192195,1.0915623903274536,-0.4802569382218103,2386,-1
-12.0,2.167362369131297,1.6677014827728271,0.1338711859603631,3266,-1,-9.0,1.913699004217051,0.799116313457489,-0.45526412216446993,3051,-1
-10.0,2.438513169530779,1.378009796142578,0.1498329087376637,3573,-1,-16.0,1.5504328802926466,0.9704242944717407,-0.46113610272158856,2259,-1
-19.0,1.899813712690957,1.527854323387146,0.1776991836090195,2847,-1,-3.0,2.372813730733469,1.0709234476089478,-0.3988339823113561,3172,-1
-8.0,2.6962872549775057,1.4388233423233032,0.1835884332676535,4010,-1,-7.0,2.239010340650566,1.1934467554092407,-0.40720793186663173,2930,-1
-16.0,1.91881104267668,1.404030442237854,0.1762736724362859,2786,-1,-8.0,2.381402307539247,1.0970704555511475,-0.41947353954936434,3310,-1
-13.0,1.7242964450269938,1.4974627494812012,0.2237012076855738,2732,-1,-9.0,2.5734181568259373,1.0675718784332275,-0.3984253657131938,3440,-1
-13.0,2.2042546325246803,1.5753719806671145,0.2105708015352176,3593,-1,-12.0,1.7282707476988435,1.354197382926941,-0.34115744636693895,2397,-1
-15.0,2.2707457293290645,1.4123122692108154,0.2247704309424173,3428,-1,-14.0,1.7160201588412747,1.1438456773757935,-0.32180871938766786,2466,-1
-12.0,2.4537474458338693,1.5645761489868164,0.2828138420701293,3872,-1,-12.0,1.7384376034606248,1.1775752305984497,-0.32156001306225235,2497,-1
-9.0,2.000974532857072,1.4860351085662842,0.2873469501548066,3429,-1,-10.0,1.8323235261486843,1.3026717901229858,-0.28921111982139336,2818,-1
-8.0,2.088524458813481,1.5446696281433103,0.3393564352669874,3508,-1,-10.0,1.9700135231250897,1.331560730934143,-0.2770104492648358,2827,-1
-14.0,1.678480604896322,1.798548460006714,0.3405110007325501,2737,-1,-15.0,1.6093599473824725,1.1723405122756958,-0.2890540869487368,2162,-1
-9.0,2.4183713427046314,1.9769408702850344,0.3436825138278414,3994,-1,-20.0,1.5193091303808615,1.0128225088119507,-0.30479100251078883,2040,-1
-10.0,2.0320983162382618,1.697168231010437,0.3647387440435887,3371,-1,-17.0,1.7423291795421392,1.1927027702331543,-0.26855848600876353,2335,-1
-12.0,2.3195276735932566,2.119741439819336,0.3754655859141792,3659,-1,-6.0,2.6660752837779,1.1912950277328491,-0.2478156652429692,3775,-1
-10.0,2.0747366576106288,1.6459182500839231,0.3979341898307962,3387,-1,-17.0,1.7905441937036812,1.247451901435852,-0.26378482826810307,2480,-1
-4.0,2.8332694723503664,1.867699384689331,0.3986527121960069,4647,-1,-12.0,1.6757379027549177,1.043879747390747,-0.18410016800722961,2396,-1
-11.0,2.6935319235781208,1.7209177017211914,0.4310104511177346,4026,-1,-13.0,1.9366623039823025,1.1515871286392212,-0.17555730399700906,2769,-1
-6.0,3.2378313509980217,1.7464908361434937,0.4231566796838699,4964,-1,-16.0,1.4776732447789982,1.1416157484054565,-0.2062945123010252,2162,-1
-18.0,1.8938050103606656,1.6308906078338623,0.4246804505844991,3017,-1,-16.0,1.9582395595498383,1.1240137815475464,-0.20226995918708782,2721,-1
-11.0,2.015607629204169,1.818445086479187,0.4398532660883833,3268,-1,-7.0,2.3574339490151033,1.1494214534759521,-0.12212555243623749,3351,-1
-14.0,1.972041200264357,1.91412091255188,0.4356940228285639,3286,-1,-5.0,2.3809050557902083,1.2426220178604126,-0.06184632213155448,3459,-1
-12.0,2.2013179275090806,1.8464750051498413,0.4675893425695649,3402,-1,-15.0,1.80796536244452,1.3609659671783447,-0.107104735880331,2796,-1
-5.0,2.151535169861745,1.685707449913025,0.4981667000075573,3500,-1,-16.0,1.374555551679805,1.2390354871749878,-0.12703909183406487,2200,-1
5.0,2.449869021540508,1.849788784980774,0.5520573758876507,4035,1,2.0,2.436772014014423,1.178754210472107,-0.06737375051762737,3721,1
-17.0,1.6697210597922094,1.7616997957229614,0.515150877259318,2736,-1,-12.0,1.7876078363042325,1.347459316253662,-0.0798105617858896,2651,-1
-9.0,2.071311784442514,1.8746861219406128,0.5371503565868148,3326,-1,-17.0,1.779084068024531,1.264033317565918,-0.09700518176674389,2493,-1
-7.0,2.3053501383401453,2.019993782043457,0.5739607838650715,3686,-1,-10.0,2.0379278174368665,1.2799931764602661,-0.017905172296705362,2775,-1
-11.0,2.309179984149523,2.063794612884521,0.5802860966071804,3533,-1,-13.0,1.74436788354069,1.3205124139785767,0.009113900405192835,2334,-1
-13.0,2.037375494837761,1.8318262100219729,0.6056940281435177,3045,-1,7.0,1.8686872178222984,1.3370057344436646,0.09453926399793167,2621,1
-20.0,1.2613296078052372,1.6786811351776123,0.584511486377374,1931,-1,-8.0,1.872142736450769,1.2625749111175537,0.009319227918825352,2633,-1
-10.0,3.0338478112826124,1.9088757038116453,0.6544347693767684,4478,-1,6.0,2.3211145708337426,1.3176945447921753,0.0827053914240473,3109,1
-16.0,1.8909579800674687,1.9948832988739011,0.6420243277907505,2600,-1,5.0,2.2500239512883127,1.2814387083053589,0.12150722590816632,3097,1
-14.0,2.427730713156052,2.0167031288146973,0.6602018527573689,3525,-1,4.0,2.288151019369252,1.309567928314209,0.14185442466756246,3450,1
-14.0,2.1555214733816683,1.8293966054916384,0.6735218379969845,3290,-1,8.0,1.9314339471748099,1.4261622428894043,0.20786272021949528,2892,1
-10.0,2.1583251454867423,1.9895581007003784,0.7178466427977279,3179,-1,3.0,2.4455302368151024,1.5362873077392578,0.22251456463781127,3404,1
-11.0,2.500605595880188,2.122133255004883,0.7119770115654933,3569,-1,4.0,2.574517348082736,1.453655481338501,0.24486018713046567,3582,1
1.0,2.7971437899395823,2.083738327026367,0.7450559363833419,4296,1,-15.0,1.4915501037612557,1.3842086791992188,0.16780709996376406,2124,-1
-5.0,2.3582776327966712,2.141019582748413,0.8068135448626131,3898,-1,-20.0,1.5410207669483498,1.3393213748931885,0.11776521387103951,2133,-1
-10.0,2.0235960277495906,2.1750309467315674,0.7915278992335094,3407,-1,4.0,2.5974653935991228,1.535477638244629,0.3416156730487667,3698,1
-17.0,2.138860278413631,2.046910285949707,0.7496586613572472,3459,-1,6.0,2.383502054726705,1.586919903755188,0.3766933562750187,3536,1
-9.0,2.2393475376302376,2.235130548477173,0.8247724733036755,3513,-1,12.0,1.5085566513007507,1.5750309228897095,0.43926262215324824,2405,1
-14.0,1.956264502077829,2.0784153938293457,0.8389477803702609,3142,-1,9.0,2.2830268295947462,1.578462839126587,0.41322260666276844,3567,1
-14.0,2.2683230224065483,2.3168458938598637,0.8412788076170046,3311,-1,-6.0,1.9059419423574582,1.5126936435699463,0.3798240620468468,3018,-1
-4.0,2.9873112412169576,2.347333669662476,0.856014650174357,4625,-1,-1.0,2.521379131125286,1.6736407279968262,0.4045183821828436,3891,-1
-9.0,2.209936292958446,2.086683511734009,0.8634056861008889,3573,-1,8.0,1.9270530544454232,1.7049251794815063,0.4354963580510251,3120,1
13.0,1.5863749465788717,1.994920372962952,0.9817258732570172,2626,1,2.0,1.9231092378031462,1.678817629814148,0.47713208482827535,3046,1
-10.0,2.248924574407283,1.973031759262085,0.8566448782810349,3950,-1,12.0,1.5568101598182693,1.6080063581466675,0.5461384760284501,2535,1
-5.0,2.4742963755270466,2.5273752212524414,0.8446222176980457,4136,-1,1.0,2.022375457920134,1.658619999885559,0.47570571419360574,3354,1
-4.0,2.411552045261488,2.157280206680298,0.8705159885978182,4118,-1,6.0,1.8556438508676365,1.7201083898544312,0.5307277741329739,3061,1
-5.0,2.2433851290261373,2.097604513168335,0.8678273708987239,3977,-1,-3.0,2.1113825092324987,1.7120370864868164,0.4536964091616549,3557,-1
-11.0,2.151949756022077,2.249514102935791,0.8716948942873884,3784,-1,9.0,1.6839381805621088,1.6399599313735962,0.5607830636612773,2761,1
-1.0,2.4602879492449574,2.300031900405884,0.8897016969092559,4377,-1,13.0,1.6353388930438086,1.7958208322525024,0.604483820091075,2649,1
1.0,2.250534552615136,2.049335479736328,0.8788166022905853,4119,1,-13.0,1.5042563448078,1.5884513854980469,0.3896062417871847,2412,-1
-4.0,1.9079182331915945,2.1579902172088623,0.8819838488495251,3469,-1,-9.0,1.653898614749778,1.6580040454864502,0.49902836957822,2774,-1
-1.0,2.415935813100077,2.16914439201355,0.8957692127765996,4296,-1,-2.0,2.051351674948819,1.7626839876174927,0.5236077993180213,3499,-1
16.0,1.184886148897931,2.326466560363769,1.0433284840883157,2190,1,-14.0,1.4012088543968275,1.702517032623291,0.3748880437617872,2301,-1
8.0,1.481142582721077,2.17160439491272,0.9966298489538428,2931,1,12.0,1.5563162369653583,1.7490452527999878,0.7134801491622698,2406,1
-1.0,2.023625555855688,2.0390877723693848,0.9246128469381514,4033,-1,-7.0,1.9854851845884696,1.6437814235687256,0.48423720111010854,3108,-1
-6.0,1.7812065502512269,2.2051596641540527,0.9263339912891516,3518,-1,6.0,2.2149260225705802,1.7332786321640015,0.6190219510256798,3412,1
3.0,2.024122770002577,2.124727487564087,0.931002785290694,4066,1,1.0,2.5877680185367353,1.706728219985962,0.5461142514385716,4045,1
-12.0,1.2952849069260992,2.249844551086426,0.9687277735577644,2608,-1,16.0,1.2343852614285424,1.7582494020462036,0.7926127868266131,2222,1
-3.0,2.19983444159152,2.204174280166626,0.9837018907036182,3994,-1,9.0,1.6897777538979426,1.70613694190979,0.6723521673052274,3049,1
1.0,2.3135185366263613,2.421903371810913,0.9599023842057678,4194,1,7.0,1.6645682664820924,1.6853176355361938,0.6796858911500605,2909,1
-3.0,2.2517284984351136,2.281195878982544,1.020218149846993,4095,-1,18.0,1.1479614439303987,1.8663264513015747,0.8243570484266305,2159,1
5.0,1.8270902727963405,2.240682363510132,1.0642228777267515,3309,1,8.0,1.68549740081653,1.9886977672576904,0.6552672500145259,3299,1
-3.0,2.164783251762856,2.280268907546997,1.0343648265528669,3937,-1,12.0,1.3794573214836419,1.7496159076690674,0.7149552299397064,2962,1
9.0,1.5687404091004282,2.3606436252593994,1.115845131276854,2953,1,6.0,1.4809041220578365,1.9097213745117188,0.6861545296430759,3422,1
-1.0,2.577318533963989,2.2753031253814697,1.0137418432425316,4724,-1,19.0,0.8768696133629419,1.7578322887420654,0.8698160892869752,2104,1
7.0,1.58833253668854,2.331662654876709,1.121485877209762,3049,1,12.0,1.136524427565746,2.007552146911621,0.7590312630730971,2654,1
7.0,1.699883967579808,2.326234579086304,1.1139763792888615,3108,1,15.0,0.9401589080225676,1.823441743850708,0.8378441528972093,2269,1
8.0,1.5823225440690294,2.3079562187194824,1.1553528228363632,2993,1,17.0,0.8578463349258527,1.8851306438446045,0.9000024832739989,2190,1
-4.0,1.8165091208647937,2.350520610809326,1.0727319771393506,3571,-1,14.0,0.9878656139480881,1.781309962272644,0.8187829488006443,2457,1
-2.0,2.0349566289805807,2.515753746032715,1.0804317258111291,3907,-1,-7.0,1.2144189028185792,1.9225428104400635,0.696250354530243,2975,-1
-7.0,1.909264334011823,2.5343143939971924,1.0979382939864462,3447,-1,-9.0,1.4029630887671374,1.9351650476455688,0.6730041262960703,3058,-1
16.0,1.2537156008766033,2.234677791595459,1.256102125167578,2324,1,11.0,1.3278396244859323,1.8639706373214722,0.8507873056601944,2697,1
8.0,1.7819403229514137,2.2385518550872803,1.2083601779177942,3324,1,15.0,1.1228155171265826,1.925281286239624,0.8649278861756007,2318,1
14.0,1.20292086066911,2.421443462371826,1.3074117490528463,2318,1,11.0,1.1209587113698944,1.8948562145233154,0.8879853831338809,2338,1
20.0,0.9541410327656196,2.2180583477020264,1.3775037306806308,1834,1,14.0,1.2491099243052304,1.9126070737838745,0.8099848778286104,2735,1
18.0,0.9676395526039414,2.3059017658233643,1.300749241356245,2059,1,-6.0,1.517865254660137,2.010805606842041,0.647553803630261,3179,-1
4.0,1.7442062895861454,2.541839838027954,1.1474278652452212,3454,1,2.0,1.6715506409527734,2.1248250007629395,0.7403786928100795,3373,1
8.0,1.418785898888018,2.5470478534698486,1.1564183054281365,2950,1,-9.0,1.4531147157540545,1.922683835029602,0.6478449111924369,2851,-1
7.0,1.384482556837611,2.349472999572754,1.185798012055456,2699,1,15.0,1.1629254617728293,1.8861314058303833,0.8824917618289918,2376,1
9.0,1.6677292082458737,2.317302227020264,1.246773741858826,3170,1,11.0,1.3952726075076498,1.862958312034607,0.8237221410132952,2827,1
13.0,1.23066785314586,2.3458375930786133,1.3154496423606454,2416,1,14.0,1.112155670823995,1.827781319618225,0.9002598217526272,2322,1
13.0,1.1681509010959417,2.380734205245972,1.3177111934945795,2400,1,10.0,1.3800881300121546,1.8293124437332153,0.7825027871094673,3061,1
12.0,1.0999219933291895,2.3682010173797607,1.345812688079128,2260,1,-6.0,1.5144841425935738,1.904305338859558,0.6971239078558248,3179,-1
1.0,1.4625806192634627,2.3790605068206787,1.2704659314097118,3190,1,14.0,1.3160996104124933,1.9326003789901733,0.8683527533564614,2699,1
16.0,1.0331231089658104,2.4458601474761963,1.4381989600821212,2159,1,21.0,0.981041140446905,1.9239532947540283,1.0343331262051183,2066,1
18.0,0.9529006702359766,2.3175837993621826,1.478891165561789,1986,1,19.0,0.8788287987699732,1.8542355298995972,1.0315026033791008,2002,1
14.0,0.9956759069464168,2.3832218647003174,1.465040674225639,2145,1,5.0,1.550848612387199,1.979834794998169,0.8095477698157326,3692,1
14.0,1.037148728559259,2.408529758453369,1.4160822937090236,2249,1,16.0,0.9020754571538419,2.1859183311462402,1.0109283462097836,2160,1
18.0,0.8326429156004451,2.415774345397949,1.5448477167124917,1868,1,4.0,1.5981034082942642,1.9491864442825317,0.8425919211167021,3553,1
9.0,1.2037016729591414,2.454336881637573,1.3741279436666645,2725,1,17.0,1.10683703556424,1.9875463247299194,0.981164930312189,2389,1
9.0,1.044700107187964,2.445564746856689,1.449995941583809,2432,1,15.0,1.0852613619645126,1.9878684282302856,1.0123546246694,2532,1
16.0,0.9010901454021224,2.4582908153533936,1.4668588255115047,2094,1,4.0,1.5754671401227824,1.9348297119140625,0.9004224408575557,3655,1
14.0,0.928227924159728,2.4710183143615723,1.4793773581361758,2207,1,11.0,1.283379567146767,2.0462026596069336,0.9568616815791495,3144,1
15.0,0.9027592261554672,2.4618711471557617,1.5491346763460832,2098,1,13.0,1.047950753942132,2.206357002258301,1.015445556403732,2581,1
19.0,0.7754293369362131,2.6106693744659424,1.6627235325483862,1772,1,6.0,1.2327048624283634,2.138678789138794,0.9842247788470221,3204,1
14.0,0.9582035499042832,2.565414905548096,1.4467842497408847,2322,1,6.0,1.4651753106154501,2.1359543800354004,0.9678252253118842,3538,1
11.0,1.0490315209608525,2.5804603099823,1.5293977156705585,2517,1,8.0,1.2136288458714262,2.229332447052002,1.0312102042626843,2844,1
12.0,0.9104057099320926,2.4945321083068848,1.5547611919715825,2254,1,21.0,0.6748847370618023,2.0829341411590576,1.2814047498429582,1746,1
4.0,1.4017642568214796,2.494410753250122,1.4273511820143816,3191,1,13.0,1.1600763293681666,2.2012062072753906,1.0545755278048528,2966,1
17.0,0.8058341311989352,2.604180335998535,1.5821169262270554,1953,1,10.0,1.30229810642777,2.1818041801452637,0.9767107614027332,3314,1
13.0,1.015595790871885,2.4580018520355225,1.4940749791469874,2483,1,15.0,1.023102664272301,2.194164514541626,1.0943327592957945,2787,1
17.0,0.932362487539649,2.6239514350891118,1.516064048223962,2340,1,8.0,1.0989984282059595,2.2078053951263428,1.0729876232366566,3043,1
11.0,1.2067487410386093,2.559298276901245,1.4467818151533065,2829,1,10.0,0.9733953320537694,2.024977684020996,1.074880196661899,2737,1
17.0,0.840492186951451,2.408508062362671,1.548892966217836,2007,1,14.0,0.9370117482612841,2.248314142227173,1.1577576179083486,2455,1
19.0,0.7440843498334289,2.579779624938965,1.67662892064578,1850,1,4.0,1.2579961130977608,2.151667833328247,1.0565315357630216,3207,1
16.0,0.841330282681156,2.56906795501709,1.614211418879881,2175,1,19.0,0.7433359229471534,2.088813543319702,1.247047611257707,1979,1
16.0,0.8392092162393965,2.551564693450928,1.5427265099982248,2422,1,7.0,1.2180651404778473,2.2469327449798584,1.0525464539809364,3364,1
8.0,1.1589605016051792,2.469923496246338,1.4486440081856156,3125,1,20.0,0.7499191936803982,2.154289960861206,1.2382450630170332,2054,1
13.0,0.8790159277850762,2.525040626525879,1.5803816903347203,2322,1,13.0,0.8522101328126155,2.1331260204315186,1.214391274833853,2285,1
20.0,0.6097347112372518,2.4781196117401123,1.711884041541135,1687,1,13.0,1.0064744476112537,2.1887295246124268,1.128575714670277,2778,1
20.0,0.5625703593250364,2.7884316444396973,1.671360565898086,1751,1,19.0,0.6358234985382296,2.0957324504852295,1.2477133129843554,1909,1
13.0,0.8229099261225201,2.622953414916992,1.5648839486213306,2546,1,18.0,0.7158541079843417,2.220280408859253,1.2801243552381483,2179,1
13.0,0.7748551680124365,2.646920680999756,1.5630565070201363,2314,1,16.0,0.8815054957813118,2.0495657920837402,1.1440509172898565,2690,1
12.0,0.7921528824372217,2.546389579772949,1.4934726679593957,2532,1,13.0,0.817098141706083,2.126657485961914,1.1662519436294854,2642,1
13.0,0.8736507858557161,2.566769361495972,1.4712869899895924,2699,1,20.0,0.5696499803452753,2.0695548057556152,1.2740571360320647,1987,1
18.0,0.6194726778776385,2.46903133392334,1.623941676808336,1952,1,13.0,0.6932167363993358,2.203890323638916,1.1930921670162442,2425,1
13.0,0.7386887198372278,2.5835464000701904,1.597515370910202,2261,1,12.0,0.6873872071155347,2.1344401836395264,1.140844455125847,2456,1
12.0,0.7833533447701484,2.6108880043029785,1.5619471012181187,2476,1,16.0,0.6116451537236571,2.247810125350952,1.2142924322723305,2165,1
7.0,1.019472036336083,2.586848497390747,1.480883481297933,3075,1,2.0,1.0774734186124988,2.2170846462249756,1.039135723554988,3721,1
16.0,0.6638002629915718,2.536659002304077,1.595122919813579,1976,1,15.0,0.7058542351878714,2.1845037937164307,1.1666626215225067,2189,1
14.0,0.8171552608255297,2.5730834007263184,1.5191805791303223,2333,1,13.0,0.8373964303173125,2.153224468231201,1.182483551565008,2350,1
16.0,0.7233666258398443,2.5751748085021973,1.6084996535484035,2107,1,8.0,1.217540817160625,2.149097442626953,1.0237236570109696,3188,1
12.0,0.7861444871523418,2.633974313735962,1.5371857624521894,2469,1,11.0,1.1243200866738334,2.1884474754333496,1.0998036646977833,2689,1
19.0,0.622298713773489,2.6165995597839355,1.6929689407449966,1826,1,13.0,1.0314602456637658,2.1700189113616943,1.1317092846724994,2418,1
19.0,0.5893859836505726,2.5187292098999023,1.6627933700437227,1922,1,13.0,1.1057513217092492,2.1085734367370605,1.1141425680669503,2552,1
14.0,0.7414912064559758,2.7400715351104736,1.5707465674541268,2345,1,18.0,0.746031689515803,2.175124406814575,1.2896256842259501,1946,1
12.0,0.8557675336196553,2.577454805374145,1.563224225948942,2516,1,16.0,0.8131336813676171,2.1534488201141357,1.2969940555094883,1993,1
13.0,0.786732508247951,2.562508583068848,1.5072328311823286,2525,1,16.0,0.7373170205391943,2.177039861679077,1.280312130787064,1936,1
18.0,0.5441436895634979,2.544131278991699,1.6977533317538205,1863,1,13.0,0.9232014474109747,2.2776479721069336,1.1715925493393744,2557,1
12.0,0.7573689518030733,2.4906039237976074,1.5558302969988185,2419,1,19.0,0.6047543629538268,2.168964385986328,1.3026807454302372,1777,1
18.0,0.5775794707005844,2.5722849369049072,1.6573949097047698,1864,1,16.0,0.8524188382434659,2.2037007808685303,1.1994322911778648,2509,1
17.0,0.6540214708365966,2.542891263961792,1.5935221752427584,2218,1,10.0,0.9655463841045275,2.163374900817871,1.1592796249652226,2743,1
19.0,0.5004335893900134,2.538236618041992,1.6998430332453671,1848,1,7.0,1.0253318601753563,2.1912124156951904,1.1574217682259602,2753,1
14.0,0.5230734634096734,2.5300517082214355,1.6469413542631366,2136,1,17.0,0.7265540698426776,2.0932092666625977,1.260557422354997,2009,1
11.0,0.6977635091461707,2.562752723693848,1.5536335410963673,2738,1,18.0,0.8260860639275052,2.2893459796905518,1.2169757406114141,2243,1
19.0,0.475040377874393,2.4655985832214355,1.6768777459782285,1823,1,16.0,0.8340167237329297,2.1860313415527344,1.2344682724658482,2320,1
17.0,0.5585061761375982,2.5447428226470947,1.6598780652919254,2028,1,11.0,0.8402516169589944,2.1735987663269043,1.2163176282793178,2375,1
17.0,0.5398587741947267,2.5114049911499023,1.6664652007785643,2042,1,-13.0,0.7405198326450773,2.085782766342163,1.0215809379756677,2029,-1
20.0,0.4709869959624484,2.478935718536377,1.6527409667371706,1825,1,11.0,0.845510357292369,2.1393508911132812,1.2336561560192423,2294,1
16.0,0.552769874164369,2.6864943504333496,1.6068031767129851,2151,1,19.0,0.6739117372781038,2.142425537109375,1.3021340780288333,1833,1
18.0,0.4595270787831396,2.55246901512146,1.66861355037432,1843,1,16.0,0.7808042374672368,2.2451446056365967,1.255199046829665,2219,1
12.0,0.6744928430125583,2.4963765144348145,1.5149086496427333,2620,1,21.0,0.6162883318611421,2.2083380222320557,1.3654138004259007,1752,1
15.0,0.6149388162011746,2.46912145614624,1.5513027131150796,2148,1,12.0,0.8551827916526236,2.148541212081909,1.1761509477001566,2394,1
18.0,0.5816452669969294,2.478647470474243,1.6080436050129276,2120,1,3.0,1.0546681333798915,2.156878709793091,1.146971229512967,2766,1
16.0,0.5073418044194113,2.570263147354126,1.6704628044215657,2001,1,20.0,0.7207367231603712,2.263711452484131,1.3074486110962436,1969,1
17.0,0.5153878832643386,2.555457353591919,1.6287957160524067,1972,1,5.0,1.0451313753728755,2.201974391937256,1.1326448701961347,2772,1
16.0,0.5606468930491246,2.495977640151977,1.6222246382539107,2034,1,4.0,1.2941683010722045,2.4461607933044434,1.0577667618735356,3387,1
16.0,0.639462942868704,2.6388702392578125,1.5902309430463,2187,1,19.0,0.7792225665762089,2.21028208732605,1.3044704045545115,1935,1
17.0,0.6296714590571355,2.5893921852111816,1.593146551052962,2256,1,17.0,0.7775545046897605,2.1935794353485107,1.3126132412546077,2044,1
15.0,0.6169230102968868,2.566500425338745,1.6253237914295826,2131,1,19.0,0.7219149312295485,2.218794822692871,1.2820559126120454,2037,1
20.0,0.4650988236244302,2.6143431663513184,1.774762695624919,1673,1,13.0,0.9022118100547232,2.2775821685791016,1.1772250495476513,2564,1
13.0,0.6876135925122071,2.5361251831054688,1.579181350812053,2509,1,17.0,0.7149957347428426,2.4346303939819336,1.2997179165064734,2039,1
17.0,0.5147037541028112,2.6268534660339355,1.7053453968972208,1899,1,19.0,0.6870654897938948,2.205949306488037,1.2799988286156967,2074,1
14.0,0.6818116965296213,2.557390689849853,1.5925326294469848,2353,1,20.0,0.5777810404542834,2.1666042804718018,1.3329768677045009,1877,1
19.0,0.5219458835199475,2.64504623413086,1.6320262358144249,1925,1,11.0,0.9785398615640588,2.1856942176818848,1.1128032953469764,3018,1
13.0,0.6206116443790961,2.5501158237457275,1.47024394152202,2340,1,12.0,0.7772738121566363,2.15643310546875,1.15622054511828,2457,1
12.0,0.6730399393418338,2.577674865722656,1.5243167581426216,2400,1,13.0,0.776241464773193,2.1969118118286133,1.166815710882786,2459,1
13.0,0.6992353824607562,2.6103603839874268,1.5764659242760803,2255,1,13.0,0.8141733923112042,2.132528305053711,1.1764676822404143,2517,1
13.0,0.7185169938020408,2.577868700027466,1.602431689100157,2415,1,11.0,0.823632978805108,2.1124563217163086,1.1423979106478381,2649,1
8.0,0.7637258424656466,2.524085998535156,1.553983734036836,2385,1,17.0,0.6630930697720032,2.115077495574951,1.2038081205162996,2194,1
12.0,0.9284929705609102,2.606539011001587,1.4626716702585034,2768,1,15.0,0.6462499300250784,2.177654266357422,1.1796211748199386,2342,1
13.0,0.7851186798070557,2.580941915512085,1.552760460497742,2325,1,10.0,0.7759065645805094,2.1530773639678955,1.0824675139009197,2678,1
17.0,0.7421523692901246,2.50610089302063,1.5774586662587995,2274,1,18.0,0.639560166571755,2.1612415313720703,1.246282954202838,2095,1
19.0,0.6259140586480498,2.594878673553467,1.6515100692143108,2020,1,18.0,0.5068139886425342,2.237455368041992,1.2967602716301745,1844,1
16.0,0.5817438158555888,2.6020054817199707,1.7348357358655435,1915,1,13.0,0.69314215000486,2.264373779296875,1.1669598477445426,2482,1
7.0,1.0267371668596752,2.576226234436035,1.3538551302107729,3079,1,19.0,0.5916133313730825,2.150428533554077,1.2935478508753213,1981,1
16.0,0.6193987310689408,2.619048357009888,1.748164021149478,1954,1,11.0,0.8241153845156077,2.101405382156372,1.1970487403876864,2627,1
17.0,0.6365323949430604,2.5904715061187744,1.7295572791306462,2029,1,13.0,0.7598525123903528,2.105502128601074,1.2028319665956633,2509,1
17.0,0.6517469544778578,2.630793809890747,1.7157874366708092,2018,1,11.0,0.8250117513816804,2.0745387077331543,1.1271671700059038,2630,1
17.0,0.6938640928710811,2.640819549560547,1.6202493802050355,2182,1,16.0,0.6600339540455025,2.143425941467285,1.2717784641084944,1988,1
17.0,0.5434700641490053,2.5326170921325684,1.7057804245203918,1903,1,21.0,0.5095498712908011,2.205901622772217,1.4022256882519135,1652,1
18.0,0.5827368393074721,2.710592269897461,1.7297226966321624,2082,1,18.0,0.6198024061159231,2.192812442779541,1.2262684095224923,1986,1
19.0,0.468787677353248,2.6489830017089844,1.787632729831552,1773,1,19.0,0.5195077471144032,2.1482794284820557,1.3438955317770307,1782,1
20.0,0.4434516707842704,2.531330347061157,1.7410908116048034,1826,1,16.0,0.5401172937708907,2.2766528129577637,1.2620531146926848,2099,1
15.0,0.4671651598473545,2.699639320373535,1.7081375290532446,1975,1,17.0,0.4907793691381812,2.1665453910827637,1.256611898037903,2048,1
17.0,0.4922406122786924,2.679624557495117,1.7063328906717206,2068,1,19.0,0.5195145534526091,2.2315101623535156,1.2965831623556334,2105,1
17.0,0.4775968302565161,2.635702848434448,1.75854696701726,1822,1,14.0,0.603846434620209,2.2561283111572266,1.2096723539257568,2494,1
16.0,0.5218128608830739,2.6255042552948,1.6094208068280584,2107,1,20.0,0.4616602595197037,2.2239370346069336,1.3645338247674141,1740,1
18.0,0.4910306906385813,2.576657056808472,1.6365070712006304,1953,1,21.0,0.3965362992603332,2.162158250808716,1.3815748790777858,1707,1
17.0,0.7054844699450769,2.695107936859131,1.507223757971944,2772,1,13.0,0.6026688886922784,2.1948256492614746,1.1919552943262368,2524,1
20.0,0.4598405150754843,2.6465890407562256,1.7194660192186186,1802,1,17.0,0.5181199817161541,2.239929676055908,1.3410343735447998,1963,1
17.0,0.5272230259142816,2.562138557434082,1.6117143760411188,2127,1,15.0,0.5606997365830466,2.4559221267700195,1.2721535018216819,2241,1
19.0,0.4852848077716771,2.6760802268981934,1.6705079964219682,1921,1,19.0,0.45339041596162133,2.2466061115264893,1.3234228343672134,1906,1
16.0,0.4933962111535948,2.6521711349487305,1.711595664057955,2001,1,18.0,0.48433526017470285,2.2856485843658447,1.3170624390196688,2119,1
17.0,0.5774772952427156,2.5883309841156006,1.648016784474296,2274,1,17.0,0.3950811639078893,2.2551605701446533,1.357649767771362,1926,1
16.0,0.5859138846572023,2.6873061656951904,1.6517905957192645,2225,1,20.0,0.3380445617076475,2.210344076156616,1.389520762539307,1760,1
17.0,0.5816439077898394,2.595484495162964,1.679203396948019,2007,1,17.0,0.37692791028530337,2.306401491165161,1.3131799428183428,1958,1
17.0,0.5106699256866705,2.579453229904175,1.6230676190147404,2007,1,14.0,0.47200617686030455,2.2130398750305176,1.276674903949832,2197,1
16.0,0.5260533846158069,2.581836223602295,1.6485297069421811,2083,1,12.0,0.5146602521999739,2.192275047302246,1.2313942554017987,2339,1
16.0,0.5465483063890133,2.571506261825561,1.6368573051745428,2213,1,17.0,0.44625629956135526,2.18776273727417,1.3344847858378148,1960,1
15.0,0.4576344359375071,2.4931459426879883,1.6280824291929907,2058,1,15.0,0.5272224660147913,2.234632730484009,1.2824899804534804,2280,1
16.0,0.5516625785967335,2.6876070499420166,1.632499009742284,2238,1,14.0,0.6210808183532208,2.2160120010375977,1.2721211632122604,2254,1
14.0,0.5869400919182226,2.6097500324249268,1.6112969826146102,2328,1,-2.0,1.0625572846038267,2.2121126651763916,1.13898471401716,3571,-1
18.0,0.4828931982337963,2.6340274810791016,1.6582225122474954,1961,1,17.0,0.6225605254876427,2.160604953765869,1.2679952907898753,2101,1
3.0,0.6998777375556529,2.629140138626098,1.4123342039762368,2756,1,13.0,0.6768182523665018,2.255730390548706,1.1835008840955892,2432,1
14.0,0.5527055447164457,2.5096898078918457,1.582621709854937,2044,1,17.0,0.6207227530539967,2.3163928985595703,1.2954152180941105,2139,1
8.0,0.9154292024904862,2.6125378608703613,1.4955881004434186,3061,1,17.0,0.5729270954616368,2.2776811122894287,1.236581681785285,2099,1
15.0,0.7050467941735405,2.596086978912353,1.5267860294339828,2412,1,20.0,0.47880446174531244,2.19877290725708,1.3964998970093505,1758,1
16.0,0.6698216354125179,2.562978744506836,1.59345274374324,2093,1,21.0,0.4675246088008862,2.221487522125244,1.3816795917277216,1785,1
10.0,0.849345997266937,2.633589506149292,1.5871384736570473,2464,1,18.0,0.5064529680239502,2.335587739944458,1.3252900125600973,2002,1
18.0,0.6129258690634742,2.609767198562622,1.6871298890860147,1952,1,19.0,0.48013411316787824,2.33195424079895,1.361847864689923,1870,1
15.0,0.7068058828590438,2.616671085357666,1.616687498406759,2257,1,7.0,0.7516360943554901,2.2074875831604004,1.1984324430520064,2836,1
11.0,1.0299251699470915,2.6358487606048584,1.5676917770513676,2802,1,15.0,0.6823777320678346,2.2464675903320312,1.2991166357598813,2392,1
16.0,0.8273264553281479,2.604670286178589,1.6273256675669403,2118,1,18.0,0.5390669282351155,2.205256223678589,1.3790209610005166,1956,1
17.0,0.7109039750648662,2.6424713134765625,1.6991080397294929,1918,1,16.0,0.5222911477903835,2.32700252532959,1.3773098487207036,1923,1
19.0,0.6817382627632469,2.7202072143554688,1.719816220588964,1946,1,20.0,0.4441962167620659,2.3214704990386963,1.4627989279498854,1786,1
15.0,0.7999948003562167,2.7877767086029053,1.6405587809971254,2320,1,17.0,0.5436795431887731,2.257136821746826,1.3262896590401796,2253,1
15.0,0.7915016890037805,2.699730634689331,1.5945250575854817,2302,1,18.0,0.42914001920144074,2.25199031829834,1.3645052333408305,1986,1
17.0,0.8141098201740533,2.635751724243164,1.628276868695636,2238,1,15.0,0.4272223355364986,2.2122490406036377,1.3849097388773233,2068,1
16.0,1.0879862849251367,2.5307931900024414,1.474511061334939,2916,1,16.0,0.5018574504356366,2.2303667068481445,1.3221127647539122,2287,1
13.0,0.9560283617465756,2.6168582439422607,1.6101854047077122,2576,1,16.0,0.5047961555537768,2.4689242839813232,1.3148302788875292,2308,1
18.0,0.7232790600392036,2.5912024974823,1.656453692070187,2038,1,12.0,0.5884313032438513,2.27256178855896,1.3669448456589592,2242,1
15.0,0.8131374736549333,2.644998073577881,1.6275136898217173,2238,1,15.0,0.5466671668109484,2.4062161445617676,1.3543992494785484,2106,1
13.0,0.92408408166375,2.7812652587890625,1.6056775097354596,2409,1,20.0,0.44274739152751863,2.3462915420532227,1.463386924038549,1758,1
8.0,1.1471304388251156,2.7177181243896484,1.5633380231700826,2835,1,15.0,0.589415578666376,2.30071759223938,1.3982029706902372,2200,1
11.0,1.0849609528668225,2.714141845703125,1.5860761664608587,2780,1,19.0,0.570817346451804,2.399909019470215,1.408468002564219,2103,1
17.0,0.719304611266125,2.710991382598877,1.746990478488908,1936,1,17.0,0.558645653683925,2.21781849861145,1.3756623410827626,2199,1
7.0,1.21051569347037,2.61635684967041,1.5089219492689403,3107,1,12.0,0.6327155105536804,2.3885746002197266,1.311318699463139,2349,1
16.0,0.9149512575822882,2.835228443145752,1.691051211493583,2221,1,17.0,0.5383347998722456,2.2528467178344727,1.397383287943411,2131,1
15.0,0.998056932585314,2.6972384452819824,1.6746090261102369,2359,1,6.0,0.8310981889953837,2.4416685104370117,1.2684825217031181,2774,1
11.0,1.0207759505719878,2.632158041000366,1.6194208916212876,2486,1,5.0,1.0496155659493525,2.2881205081939697,1.2821557989211725,2848,1
12.0,1.327541935374029,2.753626823425293,1.5605344046357292,2926,1,17.0,0.6708716255379841,2.3137242794036865,1.4144141250303046,1894,1
7.0,1.2454155996092595,2.651787042617798,1.62327384855003,2636,1,18.0,0.5911752549582161,2.290721893310547,1.4502416702807208,1820,1
8.0,1.3226927615469322,2.653907299041748,1.5294867648988373,2860,1,10.0,0.7560761788627133,2.279348134994507,1.2716109691508215,2392,1
15.0,1.0754728097235784,2.673771381378174,1.6038651360905103,2371,1,18.0,0.635340882872697,2.293048858642578,1.3512949883919767,2070,1
13.0,1.0592701982241124,2.571659803390503,1.5692345000831815,2351,1,15.0,0.7057019483181648,2.3703384399414062,1.3282659394596046,2345,1
12.0,1.385615076054819,2.6258490085601807,1.5148658637548051,2909,1,11.0,0.7435475309321191,2.360339641571045,1.3289521857104427,2321,1
